modelid,modelname
1559,奥克斯朗杰
1560,Jeep大切诺基
1561,三菱帕杰罗速跑
1562,三菱北奔欧蓝德
1563,Jeep2500
1564,北汽制造勇士
1565,Jeep切诺基
1566,北汽制造新城市猎人
1567,克莱斯勒大捷龙
1568,现代索纳塔八
1569,现代伊兰特
1570,猎豹汽车飞腾
1571,中兴无限
1572,江铃凯运升级版
1573,华普海锋
1574,现代全新途胜
1575,现代雅绅特
1577,北汽制造战旗2024
1578,北汽制造雷驰
1579,北汽制造旋风
1580,北汽制造北汽骑士
1581,北汽制造陆铃
1582,北汽制造陆霸
1583,福田海狮
1584,福田风景冲浪
1585,福田风景爱尔法
1586,福田奥铃CTX
1587,福田风景
1588,福田风景厢货
1589,昌河骏马
1590,铃木浪迪
1591,福田传奇X
1592,比亚迪福莱尔
1593,比亚迪福星
1594,比亚迪F3
1595,比亚迪F3R
1596,比亚迪F6
1597,昌河爱迪尔
1598,昌河海豚
1599,铃木北斗星
1600,昌河微型货车
1601,昌河海象
1602,铃木利亚纳三厢
1603,福特麦柯斯
1604,马自达2两厢
1605,铃木天语SX4两厢
1606,中兴旗舰
1607,奇瑞东方之子
1608,昌河福瑞达
1609,昌河昌铃王
1610,福特新蒙迪欧
1611,福特福克斯三厢
1612,福特嘉年华停用
1614,长安沃尔沃S40
1615,福特蒙迪欧-致胜
1616,铃木奥拓停用
1617,铃木雨燕
1618,铃木羚羊
1619,铃木天语SX4三厢
1621,金杯霸道
1622,奇瑞A1
1625,长安商用长安星韵
1626,长安商用长安雪虎
1627,长安商用长安镭蒙
1628,长安商用长安CM8
1630,长安商用长安运通
1632,长安星光
1633,长安轿车杰勋
1634,长安之星
1635,长城金迪尔
1636,长城精灵
1637,东南富利卡
1639,金杯雷龙
1640,江铃宝典
1641,长城赛骏
1642,长城赛影RUV
1643,长城赛铃皮卡
1644,长城迪尔
1645,长城大脚兽
1646,长城赛酷皮卡
1647,长城赛弗SUV
1648,哈弗H3
1649,长城风骏3
1650,长城V80
1651,猎豹汽车猎豹CFA2030
1654,江淮瑞鹰
1655,猎豹汽车猎豹黑金刚
1656,猎豹汽车猎豹CS6
1657,三菱帕杰罗
1658,猎豹汽车猎豹CJY6470
1659,猎豹汽车猎豹6481
1660,本田CR-V
1661,本田思域
1663,标致206
1665,海马海福星
1666,吉利汽车金刚
1667,奇瑞瑞虎
1668,东风桑蒂雅
1669,东风小王子
1670,雪铁龙赛纳
1671,雪铁龙萨拉-毕加索
1672,雪铁龙爱丽舍停用
1673,雪铁龙富康
1674,雪铁龙凯旋
1675,雪铁龙C2
1676,起亚千里马
1677,起亚普莱特
1678,起亚狮跑
1679,日产骊威
1680,起亚宝驹
1681,起亚嘉华
1682,起亚远舰
1683,起亚赛拉图
1684,起亚锐欧
1685,东南菱帅
1686,三菱菱绅
1687,东南得利卡
1688,东南菱利
1689,三菱蓝瑟
1690,福特经典全顺
1691,开瑞3
1692,五菱之光
1693,三菱戈蓝
1694,日产蓝鸟
1695,日产阳光
1696,日产天籁停用
1697,日产颐达
1698,日产骐达TIIDA
1699,日产轩逸
1700,日产骏逸
1701,本田雅阁停用
1702,哈飞普面
1703,别克林荫大道
1704,黄海傲龙CUV
1705,新凯海狮
1706,本田飞度停用
1707,本田奥德赛停用
1708,本田思迪
1709,哈飞赛马
1715,哈飞赛豹V系
1716,金杯金典
1717,黄海翱龙CUV
1718,黄海傲羚
1720,林肯外交官(进口)
1722,起亚索兰托
1723,哈飞锐意
1724,海马福美来
1725,海马普力马停用
1726,海马3
1728,中兴威虎TUV
1729,宝马3系
1730,宝马5系停用
1731,金杯海狮
1732,金杯阁瑞斯MPV
1733,中华尊驰
1734,吉利远景
1736,中华酷宝
1737,道奇公羊皮卡(进口)
1738,丰田海狮(进口)
1739,金杯海狮第六代停用
1740,中华骏捷
1742,华泰吉田
1743,华泰经典圣达菲
1744,吉利汽车美日之星
1745,吉利汽车豪情
1746,吉利汽车美人豹
1748,吉利汽车吉利自由舰
1749,陆风风华
1750,奇瑞风云
1751,五菱鸿途
1752,MG 7
1755,江淮宾悦
1758,陆风风尚
1759,江铃宝威
1760,众泰江南TT
1761,江南风光
1762,江南精灵
1763,江南传奇
1764,雪佛兰开拓者
1765,大众速腾
1766,日产D22厢式车
1769,英菲尼迪FX
1771,菲亚特派力奥
1772,菲亚特西耶那
1773,菲亚特周末风
1774,菲亚特派朗
1775,依维柯Daily
1776,依维柯康果
1777,依维柯都灵
1780,道奇翼龙(进口)
1781,雪佛兰EXPRESS(进口)
1782,现代君爵(进口)
1784,奇瑞旗云
1785,奇瑞QQ3
1787,奇瑞A5
1789,奇瑞QQ6
1790,奇瑞瑞虎停用
1791,庆铃竞技者
1792,庆铃多功能车
1793,大众新桑塔纳
1795,宝龙天马座
1796,大众帕萨特
1797,大众高尔
1798,大众POLO
1799,大众途安
1800,大众桑塔纳3000
1801,大众桑塔纳2000
1802,大众POLO劲取
1803,仪征赛宝
1804,黄海大柴神
1805,美亚海狮
1806,中华
1808,一汽自由风
1809,大众帕萨特领驭停用
1810,大众POLO劲情
1811,斯柯达明锐
1814,华普海域
1815,华普海迅
1816,华普海尚
1818,中客华北华北骏霸
1820,天马风铃
1821,汇众伊思坦纳
1822,别克凯越停用
1823,别克赛欧
1824,别克君威停用
1825,别克GL8
1826,别克荣御
1827,凯迪拉克CTS(进口)
1828,雪佛兰乐风
1829,宾利雅骏
1830,丰田红杉(进口)
1831,福特外交官(进口)
1832,Jeep指南者(进口)
1833,雪佛兰赛欧三厢
1834,凯迪拉克SRX(进口)
1835,雪佛兰景程
1836,别克君越停用
1837,雪佛兰乐骋停用
1838,凯迪拉克XLR(进口)
1839,凯迪拉克赛威
1840,万丰速威
1841,万丰泰威
1842,万丰皮卡
1843,克莱斯勒辉煌(进口)
1844,林肯Aviator(进口)
1845,林肯加长版(进口)
1846,日产碧莲
1848,现代全新胜达(进口)
1849,万丰商务车
1850,万丰速达
1851,宝骏乐驰
1852,五菱扬光
1853,五菱兴旺
1854,双环来宝S-RV
1855,双环来旺
1856,双环SCEO
1857,双环小贵族
1858,黄海挑战者
1859,黄海曙光骄子
1860,黄海征服者
1861,东风·郑州日产奥丁
1862,中客华北华北醒狮
1863,大众高尔夫GTI(进口)
1864,黄海领航者
1865,黄海翱龙
1866,黄海翱龙SUV
1867,黄海旗胜CUV
1868,丰田普拉多
1869,丰田柯斯达
1870,丰田威驰停用
1871,丰田花冠
1872,丰田皇冠停用
1873,丰田普锐斯
1874,一汽奥星
1875,顺旅申驰旅居汽车
1876,天马海拉克斯
1877,奔驰R级(进口)
1879,丰田卡罗拉
1880,一汽夏利
1881,一汽雅酷
1882,一汽威乐
1883,一汽威姿
1884,一汽夏利2000
1885,一汽夏利N3
1886,一汽夏利A+
1887,一汽威志两厢
1888,天马风驰
1889,美亚陆程
1890,天马骏驰
1891,天马海狮
1892,美亚奇兵
1893,通田阁罗
1894,金龙海狮
1896,猎豹汽车福铃皮卡
1898,猎豹汽车猎豹飞扬皮卡
1899,猎豹汽车飞扬SUV
1900,大众宝来经典停用
1901,大众高尔夫停用
1904,标致406(进口)
1905,大众捷达
1906,奥迪A4
1907,奥迪A6L停用
1908,大众开迪
1909,大众迈腾
1910,大众宝来两厢
1911,丰田兰德酷路泽
1912,丰田特锐
1913,一汽佳星幸福使者
1914,马自达6
1915,红旗世纪星
1916,一汽森雅
1917,马自达6轿跑车
1918,奔腾B70
1919,红旗明仕
1920,马自达6 Wagon
1921,红旗盛世
1922,日产帕拉丁
1923,郑州日产D22皮卡
1924,东风·郑州日产御轩
1925,中华骏捷FRV
1926,中客华北超赛
1928,马自达MPV(进口)
1929,日产美仑奴(进口)
1930,雪佛兰科帕奇(进口)
1931,富奇驭虎
1932,新雅途
1933,新雅途·优尼柯
1935,广汽吉奥吉奥GX6(停售款)
1936,广汽吉奥猛将旅
1939,中客华北骏风
1940,中客华北腾狮
1941,新大地魔兽
1942,新大地源动力
1943,大迪都市骏马SUV
1944,大迪都市威菱SUV
1946,福迪飞越SRV
1947,福迪探索者I
1948,福迪探索者Ⅱ
1949,福迪雄狮皮卡
1950,福迪小超人皮卡
1951,福迪1021皮卡
1952,福迪探索者Ⅲ
1953,奔驰M级(进口)
1954,悍马加长版(进口)
1955,铃木吉姆尼(进口)
1957,林肯黑森林(进口)
1958,宝龙菱骏
1959,宝龙菱麒
1960,宝龙菱惠
1961,一汽佳宝V80
1962,航天圆通金刚海狮
1963,新凯SUV
1964,新凯SRV
1965,新凯皮卡
1966,中顺世纪
1967,东风小康K01
1969,凯迪拉克加长版
1971,斯柯达欧雅(进口)
1972,金程SUV
1973,现代御翔
1974,天马风锐
1975,天马乘龙
1976,天马御虎
1977,丰田锐志
1978,长安奔奔
1979,永源庄威
1980,金程军警装备车
1981,永源风景线
1983,道奇拓荒者(进口)
1984,起亚欧迪玛(进口)
1985,起亚欧菲莱斯(进口)
1986,金程轻客
1987,奔驰E级
1988,克莱斯勒300C
1989,力帆520停用
1990,众泰2008
1991,丰田凯美瑞
1992,荣威750
1994,奥迪Q7(进口)
1995,奔驰GL级(进口)
1996,雷克萨斯LS
1997,本田CR-V(进口)
1999,本田元素(进口)
2000,道奇捷龙(进口)
2001,菲亚特德特乐福斯(进口)
2002,丰田FJ酷路泽(进口)
2003,丰田考斯特(进口)
2004,丰田汉兰达(进口)
2005,捷豹XJ(进口)停用
2006,Jeep指挥官(进口)
2007,Jeep大切诺基(进口)
2008,林肯MKX(进口)
2009,现代雅尊(进口)
2012,凯迪拉克凯雷德
2013,凯迪拉克DTS(进口)
2014,起亚VQ
2015,三菱欧蓝德（进口）
2016,三菱格蓝迪(进口)
2017,双龙路帝(进口)
2018,双龙爱腾(进口)
2019,双龙雷斯特II(进口)
2020,双龙享御(进口)
2021,斯巴鲁驰鹏(进口)
2022,英菲尼迪G
2023,悍马H1(进口)
2024,起亚狮跑(进口)
2025,现代酷派(进口)
2026,现代维拉克斯(进口)
2027,雪铁龙C5(进口)
2028,雪铁龙C6(进口）
2029,英菲尼迪QX
2031,铃木超级维特拉(进口)
2032,宝马X5(进口)
2033,宝马7系(进口)
2034,宝马5系(进口)
2035,宝马3系(进口)
2036,林肯城市(进口)
2037,宝马X3(进口)
2038,宝马M系(进口)
2039,宝马Z4(进口)停用
2040,宝马6系(进口)
2041,劳斯莱斯幻影
2042,劳斯莱斯银色天使(进口)
2043,MINI CLUBMAN
2044,保时捷Boxster
2045,保时捷911
2046,保时捷Cayenne
2047,路特斯Elise
2048,现代美佳(进口)
2049,本田时韵(进口)
2050,本田里程(海外)
2051,本田思域(进口)
2052,雪铁龙C4
2053,标致407(进口)
2054,标致807(进口)
2055,标致607(进口)
2057,标致307三厢
2059,林肯LS(进口)
2060,路虎神行者2代
2061,大众甲壳虫(进口)
2062,大众迈腾旅行轿车
2063,大众夏朗(进口)
2064,大众途锐(进口)
2065,大众辉腾(进口)
2066,兰博基尼盖拉多
2067,兰博基尼蝙蝠(进口)
2068,奥迪TT(进口)
2070,奥迪A8L(进口)
2071,奥迪A6(进口)
2072,雷克萨斯GS
2073,雷克萨斯LX
2074,MGTF
2075,奥迪A4(进口)
2076,斯柯达进口昊锐
2077,斯柯达法比亚(进口)
2078,宾利欧陆
2079,宾利Arnage
2081,smart精灵纯洁(进口)
2082,三菱帕杰罗(进口)
2083,三菱蓝瑟 翼豪陆神(进口)
2084,三菱戈蓝(进口)
2085,三菱蓝瑟(进口)
2086,林肯领航员(进口)
2087,路虎发现
2088,克莱斯勒PT漫步者(进口)
2089,克莱斯勒300C(进口)
2090,克莱斯勒300M
2092,克莱斯勒交叉火力(进口)
2098,旁蒂克(进口)
2101,奔驰斯宾特(进口)
2102,奔驰唯雅诺(进口)
2108,蓝旗亚Thesis
2109,雷克萨斯ES
2110,雷克萨斯IS
2112,迈巴赫62
2113,迈巴赫57
2114,Jeep自由人(进口)
2115,Jeep牧马人
2116,道奇公羊(进口)
2117,菲亚特Stilo(进口)
2118,菲亚特Doblo(进口)
2119,玛莎拉蒂GranSport(进口)
2120,玛莎拉蒂总裁
2121,法拉利612 Scaglietti(进口)
2122,法拉利F430(进口)
2123,法拉利360 Modena(进口)
2124,法拉利575M Maranello(进口)
2125,法拉利456M(进口)
2126,法拉利456M GT(进口)
2127,阿尔法·罗密欧阿尔法罗密欧Gtv
2128,阿尔法·罗密欧166
2129,阿尔法·罗密欧156
2130,雷克萨斯RX
2131,丰田普拉多(进口)
2132,丰田佳美(进口)
2134,丰田普瑞维亚(进口)
2135,丰田MR2(进口)
2137,丰田RAV4(进口)
2138,丰田亚洲龙(进口)
2140,阿斯顿·马丁V8 Vantage
2142,马自达5（进口）
2143,捷豹XK(进口)
2144,捷豹S-TYPE(进口)
2145,沃尔沃XC90(进口)
2148,沃尔沃S80(进口)
2149,路虎揽胜
2150,福特翼虎(进口)
2153,日产奇骏(进口)
2154,日产途乐
2155,日产风度(进口)
2156,日产西玛(进口）
2157,日产风雅(进口)
2158,日产贵士
2159,日产350Z(进口)
2160,雷诺梅甘娜R.S.
2161,雷诺风景
2162,雷诺拉古那停用(进口)
2163,雷诺威赛帝(进口)
2164,双龙雷斯特(进口)
2165,双龙主席(进口)
2166,雪佛兰(进口)
2167,斯巴鲁森林人(进口)
2168,斯巴鲁傲虎(进口)
2169,斯巴鲁力狮停用(进口)
2170,斯巴鲁翼豹(进口)
2171,悍马H2(进口)
2172,悍马H3(进口)
2173,大宇蓝龙(进口)
2174,大宇旅行家(进口)
2175,萨博9-5(进口)
2176,萨博9-3(进口)
2177,欧宝雅特
2178,欧宝威达(进口)
2179,欧宝赛飞利
2180,欧宝欧捷利(进口)
2182,凯迪拉克帝威
2185,起亚佳乐
2186,现代世纪(进口)
2187,现代雅科仕(进口)停用
2188,光冈嘉路(进口)
2189,MG TF
2190,日产逍客
2191,五菱小旋风
2192,瑞麒2
2194,奇瑞东方之子CROSS
2196,英菲尼迪M
2197,黄海小柴神
2198,黄海法萨特ncv
2199,北汽制造战旗2023
2200,北汽制造角斗士
2202,天马风骏
2203,天马英雄
2205,美亚奇骏
2206,昌河新单双排
2207,猎豹汽车猎豹CFA6473系列
2208,新雅途君达SUV
2209,新凯
2210,新凯CUV
2211,别克凯越HRV
2212,别克凯越旅行车
2213,雪佛兰新赛欧SRV
2214,长安星卡
2215,中顺MPV
2216,中顺SUV
2217,中顺皮卡
2218,猎豹汽车飞铃皮卡
2219,猎豹汽车飞铃SUV
2220,大迪霸道SUV
2221,大迪顺驰皮卡
2222,大迪福顺皮卡
2223,大迪豪顺皮卡
2224,大迪奥顺皮卡
2225,广汽吉奥财运300
2226,广汽吉奥凯睿
2227,广汽吉奥帅舰
2228,广汽吉奥财运100
2229,广汽吉奥吉奥GS50
2230,中兴长铃皮卡
2231,中兴驰野
2232,哈飞赛豹Ⅲ
2233,哈飞路宝
2234,哈飞民意M408
2235,哈飞民意
2236,哈飞新中意
2238,哈飞中意
2239,哈飞民意一排半
2240,哈飞单双排
2241,汇众德驰
2246,玛莎拉蒂GT
2247,玛莎拉蒂Coupe(进口)
2248,法拉利599(进口)
2249,陆风X6
2250,陆风X9
2251,江淮瑞风
2252,雷克萨斯SC(进口)
2253,新雅途君达皮卡
2254,沃尔沃 C70(进口)
2256,大众CrossPOLO
2257,奔驰C级(进口)
2258,奔驰E级(进口)停用
2259,奔驰S级(进口)
2260,奔驰CLK(进口)
2261,奔驰CLS级(进口)
2262,奔驰SL级(进口)
2263,奔驰SLK级(进口)
2264,奔驰AMG车系
2265,华泰特拉卡
2266,铃木利亚纳两厢
2267,保时捷Cayman
2268,欧宝雅特GTC(进口)
2269,欧宝雅特TwinTop(进口)
2272,现代伊兰特两厢
2273,福特福克斯两厢
2274,标致206 CC(进口)
2275,标致307 CC(进口)
2276,标致307 SW(进口)
2278,标致407 SW(进口)
2280,标致407 Coupe(进口)
2283,起亚赛拉图欧风
2284,猎豹汽车骐菱
2285,大众桑塔纳志俊
2286,克莱斯勒铂锐
2287,MG 3SW
2288,标致307两厢
2289,丰田雅力士
2290,马自达Mazda3两厢(进口)停用
2291,美亚顺风
2293,路虎卫士
2294,玛莎拉蒂spyder(进口)
2296,马自达3
2325,道奇凯领
2326,福田风景快客
2328,庆铃五十铃皮卡
2329,庆铃重型商用车
2330,庆铃轻型商用车
2331,GMC(进口)
2333,马自达2三厢
2334,现代悦动
2335,比亚迪S8
2336,长安轿车志翔
2338,中兴福星SUV
2339,红旗旗舰
2340,红旗
2341,广汽吉奥帅豹
2342,广汽吉奥凯旋SUV
2343,广汽吉奥帅威
2344,广汽吉奥帅凌
2345,华普飚风
2346,华普M203
2347,奥迪R8(进口)
2348,宝马1系(进口)
2349,宾利雅致(进口)
2350,宾利雅致R(进口)
2351,道奇蝰蛇(进口)
2352,道奇酷搏(进口)
2353,道奇锋哲(进口)
2354,捷豹XF
2355,克莱斯勒大捷龙(进口)
2356,奔驰G级(进口)
2357,MINI 个性版(进口)
2358,讴歌MDX
2359,讴歌RL
2360,讴歌TL
2361,萨博9-7(进口)
2362,萨博9-2(进口)
2363,沃尔沃C30(进口)
2364,奔驰C级
2365,一汽夏利N3+三厢
2366,力帆520
2369,奇瑞A3三厢
2370,大众朗逸
2371,荣威550
2373,大众Tiguan
2374,斯巴鲁 WRX STI(进口)
2375,福特新世代全顺
2377,大众CC(进口)
2378,大众 R36(进口)
2379,大众迈特威(进口)
2380,大众Eos(进口)
2381,大众宝来
2382,奥迪A5(进口)
2383,北汽制造北汽212系列
2384,东风风行菱智
2385,东风风行景逸
2388,别克凯越
2389,依维柯Power Daily
2390,宝马X6(进口)
2391,凯迪拉克凯雷德外交官(进口)
2392,林肯MKZ(进口)
2395,丰田陆地巡洋舰(进口)
2396,一汽威志三厢
2397,克莱斯勒赛百灵(进口)
2398,道奇凯领(进口)
2399,吉利汽车优利欧
2403,力帆520i
2404,悍马H200(进口)
2406,本田雅阁
2407,丰田威驰
2408,本田飞度
2409,日产天籁
2410,雪佛兰乐骋
2411,雪铁龙经典爱丽舍三厢
2412,宝马5系
2413,雪铁龙世嘉两厢
2414,起亚霸锐
2415,莲花L3三厢
2416,莲花竞速
2417,吉利金刚CROSS
2418,沃尔沃S40(进口)
2419,标致207 CC(进口)
2420,比亚迪F0
2421,菲亚特博悦(进口)
2422,菲亚特领雅
2423,菲亚特朋多
2424,福田蒙派克E
2425,力帆620
2426,江淮安驰
2427,广州标致
2428,三星道奇(捷龙)
2429,三星海霸
2430,云豹
2431,汉江轻型客车
2432,田野
2433,吉林江北美鹿
2434,济南汽车轻骑农用车
2435,牡丹汽车牡丹客车
2436,黑豹
2437,万通中型客车
2438,云雀WOW
2485,福特E系列(进口)
2486,沃尔沃S60(进口)
2487,沃尔沃V70(进口)
2488,奥迪Allroad quattro(进口)
2489,奔驰VITO(进口)
2490,奔驰房车(进口)
2491,长安小卡
2493,大迪皮卡
2494,丰田Sienna(进口)
2495,丰田赛利卡(进口)
2497,福特探险者
2498,福特Mustang
2499,猎豹汽车金麒麟
2500,smart精灵节奏(进口)
2501,雷克萨斯GX
2502,丰田陆地巡洋舰
2503,陆风新饰界
2504,现代索纳塔(进口)
2505,大迪雅宝
2506,猎豹汽车玉麒麟
2507,中兴老虎
2508,凯迪拉克CTS
2509,凯迪拉克SRX
2510,哈飞松花江
2511,中兴海豹
2512,长安微车长安微型客车
2513,萨博9000CD(进口)
2514,双龙柯兰多(进口)
2515,大众T4(进口)
2516,哈飞百利
2517,奔驰CL系列(进口)
2518,奔驰ML系列(进口)
2519,本田阿柯德(进口)
2520,本田奥德赛(进口)
2521,本田雅阁(进口)
2522,别克
2524,大宇典雅(进口)
2525,大宇贵族2000型(进口)
2526,大宇蓝天(爱斯皮罗)(进口)
2527,大宇赛手(雷瑟)(进口)
2528,大宇王子(进口)
2529,大众斯柯达(进口)
2531,丰田皇冠(进口)
2532,丰田坦途(进口)
2533,福特天霸(进口)
2534,日产公爵(进口)
2535,菲亚特海酷(进口)
2536,一汽华利微型客车
2537,华普杰士达美鹿
2538,菲亚特柯罗马(进口)
2539,雪佛兰科西嘉(进口)
2540,克莱斯勒彩虹(进口)
2541,克莱斯勒君王(进口)
2542,克莱斯勒太阳舞(进口)
2544,铃木快捷(进口)
2545,华普朗风
2546,柳州五菱
2547,欧宝欧美佳(进口)
2548,斯柯达弗雷西亚(进口)
2549,菲亚特乌诺(Uno)(进口)
2550,江铃五十铃轻卡
2551,铃木西安奥拓
2552,"马自达mazda RX-8(进口),RX-8"
2553,东南V3菱悦
2554,奥克斯原动力
2555,奥迪100
2556,奥迪200
2557,海马海南马自达323
2558,新雅途英格尔
2559,起亚嘉华(进口)
2561,罗孚(进口)
2562,起亚康柯得(进口)
2563,马自达Mazda6(进口)
2564,奔驰A级(进口)
2566,马自达睿翼
2567,英菲尼迪EX
2568,华阳客车
2569,现代劳恩斯(进口)
2570,马自达323(进口)
2571,马自达626(进口)
2572,马自达929(进口)
2573,奥迪A6L
2574,三菱伊柯丽斯(进口)
2575,三菱蓝瑟 EX(进口)
2576,五菱荣光
2577,众泰5008
2578,日产GT-R
2580,欧宝雅特A+
2581,欧宝安德拉
2582,奥迪S4
2583,日产奇骏
2584,福特Flex
2585,江淮和悦A13
2587,长城炫丽
2588,路虎揽胜运动版
2589,标致207三厢
2590,华普海悦
2591,奥迪S8(进口)
2592,江南奥拓经典
2593,奥迪A4L
2594,莲花RCR竞悦
2595,昌河爱迪尔Ⅱ
2596,福特锐界(进口)
2597,三菱君阁
2598,吉利熊猫
2600,奔驰GLK级(进口)
2601,别克昂科雷(进口)
2602,雷克萨斯LF-A
2603,现代劳恩斯coupe(进口)
2604,中华骏捷Wagon
2606,本田锋范经典
2607,海马欢动
2608,雪佛兰科鲁兹三厢
2609,福特嘉年华两厢
2610,大众尚酷(进口)
2611,斯柯达晶锐
2612,现代领翔
2613,江淮宝斯通
2614,别克君威
2615,欧宝GT(进口)
2616,奔驰B级(进口)
2617,雪铁龙C4毕加索(进口)
2618,比亚迪F3DM
2619,悍马H600(进口)
2620,阿斯顿·马丁阿斯顿马丁DBS
2621,阿斯顿·马丁阿斯顿马丁DB9
2623,奥迪S5(进口)
2624,众泰M300
2625,奇瑞A3两厢
2626,奔驰SEL
2627,福特嘉年华三厢
2628,沃尔沃S70
2629,保时捷Panamera
2632,奥迪Q5(进口)
2633,长安轿车悦翔
2634,日产蓝鸟(进口)
2635,凯迪拉克伍德
2636,海马旅行轿
2637,日产阳光(进口)
2638,丰田花冠(进口)
2639,别克世纪
2641,五十铃铁金刚
2642,五十铃突路霸
2643,五十铃MU
2644,日产旗舰(进口)
2650,依维柯欧霸
2652,华普海炫
2653,广汽吉奥奥轩GX5
2655,莲花竞悦
2659,奔驰Sprinter
2665,奔驰M级
2672,福田迷迪
2673,雪铁龙经典爱丽舍两厢
2674,斯柯达昊锐
2675,哈弗派
2676,标致207两厢
2677,奔腾B50
2678,东风·郑州日产锐骐厢式车
2679,东风·郑州日产锐骐皮卡
2680,广汽日野270Y系列
2681,广汽日野320D系列
2682,广汽日野300J系列
2683,长城酷熊
2684,沃尔沃S80L
2685,江铃顺达宽体
2687,威麟V5
2688,瑞麒G6
2689,福特金牛座停用
2690,道奇酷威(进口)
2691,雷克萨斯全新RX350
2692,江淮和悦A13RS
2693,凯迪拉克CTS-V(进口)
2694,丰田汉兰达
2695,沃尔沃XC60(进口)
2696,日产帕拉骐
2697,日产无限Q45
2698,江铃凯锐
2699,哈飞路尊大霸王
2700,瑞麒M1
2701,丰田RAV4荣放
2702,smartfortwo(进口)
2703,吉利汽车吉利金刚2代
2704,勇士悍马
2706,猎豹汽车长丰猎豹CS7
2707,雷诺科雷傲
2708,江淮和悦
2709,力帆320
2710,雪铁龙经典世嘉
2711,奇瑞风云2三厢
2712,北京现代i30
2713,铃木奥拓
2714,大众高尔夫
2715,奥迪A3(进口)
2716,法拉利California
2717,丰田IQ(进口)
2718,雪铁龙C3毕加索(进口)
2719,起亚秀尔
2720,阿斯顿·马丁V12 Vantage
2721,劳斯莱斯古思特
2722,本田音赛特(进口)
2723,MG 6两厢
2724,马自达MX-5（进口）
2728,捷豹XKR(进口)
2729,捷豹XFR(进口)
2730,东风风神S30
2731,别克君越
2732,悍马悍霸
2733,中华骏捷Cross
2734,雪佛兰科尔维特(进口)
2735,布加迪威航
2736,阿斯顿·马丁阿斯顿马丁ONE-77
2737,奔驰E级双门轿跑车(进口)
2738,路特斯Evora
2739,欧宝雅特(进口)停用
2740,海马骑士
2741,力帆X60
2742,中华骏捷FSV
2743,吉利英伦TX4
2744,金杯第三代阁瑞斯
2745,铃木派喜
2746,陆风X8
2747,奇瑞QQme
2748,起亚福瑞迪三厢
2749,江淮瑞风M2
2750,本田奥德赛
2751,宝马Z4(进口)
2752,马自达3两厢(进口)
2753,雪铁龙C5
2754,讴歌ZDX
2755,宝马5系GT(进口)
2756,日产玛驰(海外)
2757,标致308 CC(进口)
2758,捷豹XJ
2759,雪佛兰科迈罗(进口)
2760,哈飞路尊小霸王
2761,吉利汽车中国龙
2762,宝马X1(进口)
2763,金杯霸道SUV
2764,现代名驭
2765,奔驰E级(进口)
2766,吉利海景
2767,长城凌傲
2768,菲亚特领雅停用
2769,永源A380
2770,菲亚特500(进口)
2771,迈巴赫62S
2772,世爵C8((进口)
2773,海马商用车福仕达鸿达
2774,双龙MB100
2775,丰田威飒
2776,大众帕萨特领驭
2777,开瑞优派
2778,开瑞优翼
2779,雪铁龙C3(进口)
2780,本田思铂睿
2781,标致308 SW(进口)
2782,开瑞优雅
2783,三菱翼神
2784,吉利经典版帝豪
2785,吉利经典版帝豪两厢
2786,日产桂冠Medalist
2787,野马汽车野马F99
2788,起亚全新索兰托停用(进口)
2789,起亚维斯特
2790,一汽夏利N5
2791,一汽威志V2
2792,日产ZN6491系列
2793,英菲尼迪Q45
2794,铃木凯泽西（进口）
2795,日产聆风
2796,沃尔沃XC70
2797,起亚普莱特(进口)
2798,起亚苏玛
2799,起亚丽欧
2800,路特斯Esprit
2801,广汽吉奥帅驰
2802,福田萨普
2803,克莱斯勒蝰蛇
2804,宝马Z3
2805,宝马Z8
2806,中兴金狮
2807,中兴万禧龙
2808,现代特杰
2809,奇瑞
2810,菲亚特多能
2811,现代雅科仕(进口)
2812,猎豹汽车长丰DUV
2813,丰田海拉克斯(进口)
2815,大宇马蒂兹
2816,奔驰新S级（进口）
2817,MINI CABRIO
2818,斯巴鲁力狮(进口)
2819,福特水星
2820,开瑞优优
2821,江淮金牛
2822,江淮单排皮卡
2823,江淮杰豹
2824,江淮雪豹X50
2825,江淮威豹
2826,江淮微轿
2827,江淮微货
2828,威麟X5
2829,威麟H5
2830,威麟V8
2831,塔菲克
2832,一汽森雅M80
2833,哈弗M1
2834,比亚迪G3
2835,吉利汽车GE卓越
2836,比亚迪M6
2837,奥迪A7(进口)
2838,奇瑞X1
2839,大众Amarok(海外) 停用
2841,科尼赛克CCR(进口)
2842,凯迪拉克全新SRX停用(进口)
2843,瑞麒G5
2844,马自达CX-7（进口）
2845,日产Land Glider(概念车)
2846,长安轿车悦翔两厢
2847,奥迪RS5(进口)
2848,丰田皇冠
2849,标致407三厢
2850,海马普力马
2851,三菱MINI帕杰罗(海外)
2852,丰田SAI(海外)
2854,日产新风雅(进口)停用
2855,奥迪Q5
2856,东风·郑州日产帅客
2857,长城炫丽CROSS
2858,雷诺Clio(海外)
2859,标致408
2860,标致408两厢
2861,现代ix35(进口)
2862,别克英朗XT
2863,起亚速迈
2864,金杯海星
2865,哈弗H5
2866,长城M2
2867,海马商用车海马王子
2868,海马丘比特
2869,斯巴鲁傲虎停用(进口)
2870,雷诺Megane(海外)
2871,大众途观
2872,东风风神H30
2873,别克新GL8停用
2874,北京现代ix35
2875,大众高尔夫GTI
2876,广汽传祺GS5
2877,丰田FT-HS
2878,丰田Hi-CT
2879,英菲尼迪Essence(概念车)
2880,丰田FT-EV
2881,猎豹汽车欧酷曼三厢
2882,雷诺拉古那
2883,丰田普锐斯(进口)
2884,英菲尼迪G25(进口)
2885,吉利汽车EC715-RV
2886,荣威350
2887,长城CHC011
2888,理念S1
2889,日产NUVU
2890,吉利汽车全球鹰GC5
2891,吉利汽车上海英伦SC5
2892,海马Me
2893,东南V4
2894,莲花L3两厢
2895,长城欧拉
2896,东风风神i-car
2898,猎豹汽车欧酷曼两厢
2899,力帆520两厢
2900,现代飞思(进口)
2901,现代Nuvis
2902,现代BlueOn
2903,现代Blue-will
2905,长安轿车志翔两厢
2906,长安奔奔Mini
2907,比亚迪e6
2908,开瑞优胜
2910,MINI PAUL SMITH
2911,广汽传祺VIP-Lounge(概念车)
2912,广汽传祺Cabrio Coupe(概念车)
2913,林肯MKT(进口)
2914,宝马新5系停用(海外)
2915,奥迪A8(海外)
2916,日产凯普斯达
2917,广汽吉奥星旺
2918,路虎自由人
2919,广汽吉奥柴神
2920,奥迪A2(海外)
2921,奥迪A1(进口)
2922,英菲尼迪新M(进口)停用
2923,三菱RVR(海外)
2924,宝马0系(海外)
2925,雪佛兰沃蓝达(进口)
2926,大众UP!(进口)
2927,日产Qashqai(海外)
2928,smartforfour(进口)
2929,比亚迪S6
2930,马自达3三厢(进口)
2931,本田CR-Z(进口)
2932,一汽-大众CC
2933,大众新捷达
2934,大众新速腾停用
2935,标致3008(进口)
2936,标致RCZ(进口)
2937,吉利GX7
2938,马自达8
2939,奔驰SLR
2940,大众新POLO三厢停用
2941,大众新POLO两厢停用
2943,丰田新普拉多停用
2944,马自达睿翼轿跑
2945,别克英朗
2946,宝马新5系停用
2947,北京40
2948,北汽制造北京BW007
2949,江淮悦悦
2950,奇瑞风云2两厢
2951,起亚新远舰停用
2952,起亚锐欧两厢
2953,现代新索纳塔
2954,马自达CX-9（进口）
2955,斯柯达Yeti
2956,法拉利458(进口)
2957,雪佛兰赛欧两厢
2958,荣威W5
2959,讴歌RDX
2960,MINI BEACHCOMBER(概念车)
2961,丰田Mark X(海外)
2962,吉利汽车海景
2963,雪佛兰斯帕可
2964,雪佛兰爱唯欧两厢
2965,奥迪e-tron
2966,别克Regal GS
2967,福特福克斯(进口)
2968,丰田FT-CH
2969,大众Jetta Coupe
2970,奔驰唯雅诺
2971,比亚迪L3
2972,奔驰威霆(进口)
2973,黄海傲骏
2974,阿斯顿·马丁阿斯顿马丁Rapide
2975,DS 3(进口)
2976,华泰B11
2977,雷克萨斯CT
2978,日产探路者Pathfinder
2979,日产Juke
2980,丰田凯美瑞Hybrid
2981,大众CrossGolf(海外)
2982,玛莎拉蒂GC
2983,黄海瑞途
2984,宝龙霸道
2985,标致206(进口)
2986,标致206 SW
2987,标致307
2988,标致406 Coupe
2989,菲亚特马力昂
2990,菲亚特马力昂 旅行车
2991,福特蒙迪欧
2992,福特稳达
2993,本田歌诗图
2994,凯迪拉克赛威(进口)
2995,三菱帕杰罗劲畅(进口)
2996,开瑞优劲
2997,富奇财富
2998,富奇
2999,富奇海马柯
3000,Jeep切诺基(进口)
3001,金程之星
3002,金程赛风
3003,罗孚TF
3004,雪佛兰S10
3005,天马风翼
3006,现代得利
3007,现代瑞风
3008,中兴福星皮卡
3009,中兴田野SUV
3010,中兴田野皮卡
3011,美亚富旺
3012,五菱都市清风
3013,莲花L5三厢
3014,奇瑞A6 CC
3015,广汽吉奥伊美
3016,捷豹X
3017,黑豹轿卡
3018,黑豹旅行家
3019,起亚VG
3021,克莱斯勒城乡
3022,比亚迪I6
3023,长城C30
3024,东南希旺
3025,起亚福瑞迪两厢
3026,五菱宏光
3027,吉利汽车全球鹰GS
3028,吉利汽车全球鹰GV5
3029,吉利汽车全球鹰GX5
3030,凯迪拉克Converj
3031,凯迪拉克XTS
3032,丰田FCHV
3033,丰田FT-86
3034,江淮愿景
3035,三菱PX-MiEV
3036,荣威150
3037,郑州日产NV200
3038,福建奔驰威霆
3039,奇瑞M11
3040,奇瑞S18
3041,华泰路盛E70
3042,斯巴鲁Tourer Hybrid
3043,萨博Aero X
3044,宾利慕尚
3045,保时捷918
3046,东风猛士
3047,东风风神风神ISG
3049,东风风神A60
3050,本田FCX Clarity
3051,本田EV-N
3052,马自达Mazda清
3053,永源Alias
3054,现代i50(海外)
3055,雷诺TWIZY Z.E.
3056,雷诺ZOE Z.E.
3057,大众途锐 Hybrid(进口)
3058,长安轿车长安C116
3059,长安轿车长安A101
3060,雪铁龙C-Crosser(进口)
3061,长安轿车长安CX30两厢
3062,长安逸动
3063,起亚凯尊
3064,标致5 by Peugeot
3065,标致SR-1
3066,吉利EC8
3067,吉利全新金刚三厢
3068,吉利汽车帝豪EX7
3069,吉利汽车帝豪EP9
3070,吉利汽车帝豪EV7
3071,吉利汽车帝豪EV8
3072,吉利汽车帝豪EX8
3073,吉利汽车帝豪EX9
3074,吉利汽车帝豪GT
3075,吉利汽车上海英伦TXN
3076,吉利汽车上海英伦SV5
3077,吉利汽车上海英伦SX5
3078,吉利汽车上海英伦SX6
3079,吉利汽车全球鹰IG
3080,奔驰劳伦士改装S级
3081,奔驰劳伦士改装G级
3082,奔驰劳伦士改装ML级
3083,奔驰劳伦士改装GL级
3084,奔驰劳伦士改装GLK级
3085,隆博悍马H2
3086,起亚智跑
3087,起亚Venga
3088,丰田埃尔法(进口)
3089,荣威e50
3090,宝马ACTIVE-E
3091,宝马Vision EfficientDynamics
3092,MG 3
3093,光冈大蛇(进口)
3094,光冈女王(进口)
3095,MINI COUNTRYMAN
3096,三菱帕杰罗概念车
3097,法拉利F2009
3099,北京北汽B90
3100,北汽绅宝D70
3101,北京北汽C60EV
3102,三菱劲炫(进口)
3103,长城C50
3104,一汽森雅S80
3105,长安轿车奔奔MINI电动车
3106,瑞麒G3
3107,江淮和悦Hybrid
3108,长安轿车志翔Hybrid
3109,本田雅阁CTCC
3110,铃木雨燕Hybrid
3111,雪铁龙Revolte
3112,本田思域 Hybrid
3113,海马MPE
3114,沃尔沃C30电动
3115,猎豹汽车猎豹CS7电动
3116,捷豹SS100
3117,双环小贵族电动
3118,日产帅客电动
3120,现代悦动CTCC
3121,DS 23(进口)
3122,雪佛兰SSR
3124,瑞麒M2
3125,AC Schnitzer ACS7
3126,AC Schnitzer ACS6
3127,雪铁龙C4 WRC Hybrid
3128,福特START
3129,海马商用车Sports RV
3130,海马商用车白马王子
3131,海马商用车青蛙王子
3132,现代i-flow
3133,Jeep自由客
3134,阿尔特350Z
3135,AC Schnitzer ACS5
3136,MINI E
3137,海马欢动CTCC
3138,广汽吉奥奥轩G3
3139,现代辉翼(进口)
3140,永源A380电动
3141,东风小康K07电动
3142,雪铁龙爱丽舍CNG
3143,吉利汽车吉利熊猫CROSS
3144,奥迪A8 Hybrid
3146,瑞麒G5 EV
3147,瑞麒瑞麟电动车
3148,奇瑞A3 ISG
3149,荣威750 Hybrid
3150,MG zero
3151,长城C70
3152,哈弗H6
3154,奔腾B70 HEV
3155,吉利汽车吉利GP5
3156,北京北汽C70 EV
3157,北京北汽C71 EV
3158,北京北汽B61
3159,北京北汽C60F
3160,福特福克斯WRC
3161,长安轿车长安Green-i
3162,长安轿车长安CX30 HEV
3163,奔驰F800 style
3164,长城哈弗SC60
3165,海马普力马EV
3166,瑞麒G5 纽博格林版
3167,现代瑞纳三厢
3168,奔腾B70 FCV
3169,奔腾B50 PHEV
3170,红旗CA7600J
3171,丰田卡罗拉EX
3172,奔驰尊致
3174,中华A0
3175,现代AVANTE hybrid
3177,长安微车长安之星2 HEV
3178,长安星光4500
3180,吉利汽车全球鹰EK-1
3181,吉利汽车全球鹰EK-2
3182,众泰乐睿EV
3184,众泰Z200
3185,众泰Z200HB
3186,凯迪拉克凯雷德 Hybrid
3187,吉利GC7
3188,吉利汽车吉利GC3
3189,吉利汽车全球鹰GX2
3190,福田迷迪电动
3191,smartfortwo 电动
3192,东风风神 H30 Cross
3193,莲花L3 EV
3194,金杯海狮第6代
3195,长安轿车志翔PHEV
3197,奔驰shooting break
3198,中兴草原之鹰
3199,中兴爬山虎
3200,中兴威虎突击车
3201,阿尔特eTAXI
3202,阿尔特武峰II
3203,阿尔特竹风
3204,猎豹汽车猎豹CT5皮卡
3205,哈飞赛豹电动
3206,斯柯达明锐GREENLINE
3208,本田Insight Hybird
3209,海马商用车TRAVEL RV
3210,海马商用车腾达
3211,别克商务概念车
3212,宝马7系Hybrid
3213,猎豹汽车CS6 拉力版
3214,宝马echo
3215,雪佛兰科鲁兹WTCC
3216,宝马X6 Hybrid
3217,瑞麒M3 EV
3218,雪佛兰Volt MPV5
3219,力帆丰顺
3220,黄海皮卡王
3221,大众POLO GTI
3222,广汽传祺GA5
3223,长安之星2
3224,保时捷GT3R Hybird
3225,东风风神风神ECS
3226,吉利汽车EC8 Hybrid
3227,DS 4(进口)
3228,力帆320 EV
3229,力帆620 EV
3230,凯迪拉克CTS Wagon
3231,九龙商务车
3232,九龙专用车
3233,九龙考斯特
3234,一汽E-coo
3235,一汽E-wing
3236,一汽TFC-C2
3237,一汽TFC-H2
3239,标致Tybe 15-1900
3240,海马3 Hybrid
3241,吉利汽车EC7-RV Hybrid
3242,福建奔驰斯宾特
3243,日产玛驰
3244,日产370Z
3245,路虎揽胜极光(进口)
3246,丰田Aygo(海外)
3247,英菲尼迪DX(海外)
3248,奔驰BLK(海外)
3249,福特F系列
3250,奇瑞旗云1
3251,奇瑞旗云2
3252,奇瑞旗云3
3253,标致308S GTi
3254,大众POLO停用
3255,东风小康K02
3256,东风小康K06
3257,东风小康K07
3258,东风小康K07Ⅱ
3259,东风小康K17
3260,东风小康V27
3261,长安CX20
3262,长城C35
3263,长城风骏5
3264,瑞麒M5
3265,丰田4Runner
3266,福达陆陆威威
3267,别克林荫大道(进口)
3268,沃尔沃V60(进口)
3269,标致508
3270,力帆720
3271,金旅客车考斯特
3272,大众Variant(进口)
3273,斯柯达明锐RS
3274,宝马X4(进口)
3275,纳智捷新大7 SUV
3276,纳智捷新大7 MPV
3277,纳智捷MASTER CEO
3278,比亚迪G6
3281,广汽吉奥星福
3282,奔驰马可波罗
3283,福田欧马可
3284,吉利汽车金鹰CROSS
3285,迈巴赫57S
3286,现代YF
3287,奇瑞S19
3288,驭胜S350
3289,美亚瑞程
3290,瑞麒Z5
3291,北京北汽C30
3293,吉利汽车吉利新美日两厢
3295,MG 6三厢
3296,威麟H3
3297,MINI 3-DOOR
3298,广汽吉奥奥轩G5
3299,长安之星7
3300,比亚迪G3两厢
3301,宝骏630
3302,别克陆尊
3303,丰田逸致
3304,长安轿车长安CX30三厢
3306,现代Elantra(进口)
3307,一汽夏利T3
3308,现代瑞纳两厢
3310,雷诺纬度
3311,起亚POP Concept
3312,奥迪霍希851
3313,江淮星锐
3314,哈弗M3 EV
3315,丰田Scion tC
3316,东风启辰启辰D50
3317,江淮同悦EV
3318,比亚迪G3R
3319,标致908
3320,东风·郑州日产御轩 EV
3321,现代索纳塔Hybrid（进口）
3322,标致EX1
3323,起亚K5
3324,起亚RAY
3325,大众朗逸电动车
3326,MGMorris 1000
3327,MGMorris Minor 1000
3328,MGAustin seven
3329,MG 1300
3330,MG ZR
3331,长城风骏房车
3332,福特福克斯CTCC
3333,东风风神S30 BSG
3334,特拉蒙塔纳
3335,雷诺赛车
3336,雪铁龙Metropolis
3337,雪铁龙Lacoste
3338,丰田杰路驰(进口)
3339,雪佛兰赛欧 EV
3340,现代YF Hybrid
3341,科尼赛克Agera
3342,海马福美来CTCC
3343,海马丘比特EV
3344,东南V3菱悦拉力版
3345,沃尔沃123GT
3346,阿尔特奔腾B70
3347,广汽吉奥星旺ET
3348,铃木天语SX4尚悦
3349,丰田HIACE
3350,SPIRRASpirra
3351,宝马Vision ED
3352,福迪探索者6
3353,福田风景快捷
3354,丰田Wish
3355,雪佛兰科鲁兹两厢
3356,雪佛兰Orlando
3357,雪佛兰科帕奇
3359,奔驰C级双门轿跑车(进口)
3360,凯迪拉克CTS COUPE
3361,江铃凯威
3362,雷诺风朗
3363,勋龙
3364,法拉利FF
3365,众泰V10
3366,林肯MKS（进口）
3367,本田理念概念车
3368,雪佛兰爱唯欧三厢
3369,奔腾B90
3370,中华H530
3371,中华A3
3372,MG 5
3373,奇瑞旗云5
3374,奇瑞E5
3375,北京BC306Z
3376,西雅特LEON(进口)
3377,西雅特伊比飒(进口)
3379,别克昂科威ENVISION
3380,猎豹汽车飞豹皮卡
3381,雪佛兰迈锐宝
3382,长城M4
3383,长城C20R
3384,瑞麒G2
3385,瑞麒X3
3386,DS 5
3387,东风风行B20 Cross
3388,金杯智尚S30
3389,哈弗IF
3390,长安奔奔EV
3391,长安轿车CX20 Hybrid
3392,长安微车金牛星电动车
3393,奇瑞旗云6
3394,大众POLO三厢
3395,奥迪Q3
3396,标致308（进口）
3397,兰博基尼Aventador
3398,起亚K2三厢
3399,纳智捷neora
3400,雷诺DeZir
3401,福特Vertrek
3402,中华V1电动车
3403,沃尔沃SC90
3404,英菲尼迪Etherea
3405,奥迪A3三厢
3406,宝马Vision ConnectedDrive
3407,长安轿车D级概念车
3408,长安轿车VOSS概念车
3409,丰田RAV4 EV
3410,丰田Gs Reiz Concept
3411,丰田i-Real
3412,三菱Concept Global Small
3413,奔驰A级概念车
3414,奔驰B级燃料电池车
3415,阿斯顿·马丁阿斯顿马丁Virage
3417,日产Elgrand
3418,东南V3菱悦 Ev
3419,荣威550 Hybrid
3420,荣威350 Ev
3421,斯柯达明锐 Ev
3422,江淮瑞风Ⅱ
3423,斯柯达Vision D
3424,北京E系列两厢
3425,海马商用车海马C2-SUV
3426,吉利汽车英伦SC7-RV
3427,吉利汽车全球鹰GX6
3428,吉利汽车全球鹰GC6
3429,吉利汽车帝豪EC6-RV
3430,吉利汽车魔卡概念车
3431,捷豹C-X75
3432,华泰宝利格
3433,标致SXC
3434,雪铁龙C-ZERO
3435,雪铁龙SURVOLT ARTCAR
3436,MINI ROCKETMAN
3437,海马商用车海马爱尚
3438,海马M3
3439,海马商用车海马C3-MPV
3440,海马商用车海马王子 Ev
3441,海马商用车福仕达荣达
3442,北京北汽BC302Z
3443,北汽威旺306
3444,北京北汽C30 DB
3445,北京北汽C301Z BSG
3446,东风风神东风电动车
3447,长城龙车
3448,长城风骏CL
3449,长城C20Ev
3451,路特斯Europa SE
3452,路特斯Artiga
3453,奔腾X80
3454,阿斯顿·马丁阿斯顿马丁Cygnet
3455,马自达SHINARI
3456,菲斯克Karma
3457,福特C-MAX
3458,福特Fusion
3460,现代Blue2(进口)
3461,丰田AE-86
3462,日产zero emission
3463,上汽大通MAXUS V80
3464,斯巴鲁XV(进口)
3465,众泰T200
3466,众泰T600
3467,众泰新能源
3468,日产Compact Sport
3469,现代Curb(进口)
3470,黄海旗胜V3
3471,一汽091F Ev
3472,沃尔沃universe
3473,英菲尼迪F1
3474,北京北汽B70
3475,北京北汽T60
3476,众泰Z300
3478,宝马5系 Hybrid
3479,长安轿车clover
3480,福迪四驱皮卡
3481,大众Golf Variant
3482,野马汽车野马F10
3483,萨博9-3x
3484,萨博9-4x
3485,大众开利
3486,宝马4系(进口)
3487,庆铃中型商用车
3489,黄海旗胜F1
3490,DS 4
3491,DS 3
3492,日产楼兰
3493,海马福美来VS
3494,华泰A25
3495,标致308
3496,中欧奔驰房车维达莱斯停用
3497,路特斯Exige
3498,三菱Colt
3499,奇瑞A4
3500,昌河福运
3501,MINI COUPE
3502,起亚K9
3503,马自达3星骋三厢
3504,陕汽通家和瑞
3505,陕汽通家福御
3506,哈飞骏意
3507,一汽坤程
3508,海格H5C
3509,大众Golf R
3510,起亚K3
3511,长安睿骋
3512,英菲尼迪JX35(QX60)
3513,广汽传祺广汽X20
3514,马自达CX-5（进口）
3515,江淮凌铃
3516,江淮K5
3517,北京现代i20
3518,吉利汽车吉利SC6-RV
3519,北京现代ix45
3520,华晨金杯S50
3521,江淮雪豹X80
3522,江淮雪豹X90
3523,长安欧诺
3524,奇瑞艾瑞泽7
3525,金杯西部大力神
3526,现代i40(进口)
3527,莲花L5两厢
3528,奔驰GLK级
3529,瑞麒G2三厢
3530,江淮瑞铃
3531,雪铁龙天逸
3532,本田思铭
3533,东风小康V22
3534,中华V5
3535,东风小康V21
3536,东风小康V07s
3537,吉利汽车吉利SC3
3538,阿斯顿·马丁阿斯顿马丁DB7
3539,海格高大海狮
3540,海格龙威
3541,海格新大海狮
3542,奔驰凌特
3543,起亚K2两厢
3544,宝马X1
3545,阿尔法·罗密欧阿尔法罗密欧Giulietta
3546,菲亚特菲跃(进口)
3547,奥迪Q3(进口)
3548,路虎Range_e
3549,日产佳奔
3550,沃尔沃V30
3551,马自达3星骋两厢
3552,双龙XIV
3553,双龙SUT1
3554,长安悦翔V3
3555,阿斯顿·马丁阿斯顿马丁Lagonda
3556,西雅特欧悦搏(进口)
3557,阿尔法·罗密欧阿尔法罗密欧MiTo
3558,阿斯顿·马丁阿斯顿马丁Zagato
3559,西雅特IBX
3560,长安轿车Honor
3561,欧朗
3562,阿尔法·罗密欧4C
3563,雪铁龙GT by CITRON
3564,西雅特IBL
3565,西雅特IBE
3567,smartforvision
3568,日产SERENA(海外)
3569,三菱MIRAGE(海外)
3570,斯巴鲁BRZ(进口)
3571,本田AC-X
3572,马自达Takeri
3573,日产TOWNPOD
3574,日产PIVO
3575,日产ESFLOW
3576,本田EV-STER
3577,丰田FUN-Vii
3578,丰田AQUA
3579,丰田FCV-R
3580,宝马i3(进口)
3581,宝马i8(进口)
3582,铃木REGINA
3583,铃木Q
3584,大发DX
3585,大发FC-CASE
3586,大发Mira e:S
3587,大众BULLI
3588,本田Micro Commuter
3589,菲亚特菲翔
3590,野马汽车野马F12
3591,铃木天语SX4锐骑
3592,劳斯莱斯Silver spirit
3593,凯迪拉克ATS
3594,BRABUS巴博斯 M级
3595,BRABUS巴博斯 CLS级
3596,BRABUS巴博斯 S级
3597,BRABUS巴博斯 C级
3598,BRABUS巴博斯 G级
3600,别克昂科拉ENCORE
3601,现代Avante
3602,本田思域两厢
3603,标致301
3604,中华H230
3605,标致208(海外)
3606,MINI ROADSTER
3607,东风小康C37
3608,大众PASSAT(进口)
3610,星客特斯宾特Sprinter
3611,星客特林肯城市
3612,星客特林肯MKX
3613,星客特丰田红杉
3614,星客特林肯MKT
3615,星客特丰田4Runner
3616,星客特奔驰S级
3617,星客特GMC皇家级
3618,星客特领航员
3619,星客特福特F系列
3620,标致4008(进口)
3621,力帆兴顺
3622,星客特福特商务车
3623,新凯锐达
3624,依维柯Turbo Daily
3625,依维柯Venice
3626,兰博基尼MLC
3627,依维柯Ouba
3628,沃尔沃V40（进口）
3629,西雅特Toledo(海外)
3630,斯柯达citigo
3631,宾利添越
3632,福特B-Max(海外)
3633,奥迪S7(进口)
3634,奥迪S6(进口)
3635,福特翼虎
3636,MINI Clubvan
3637,大众Cross Coupe
3638,雪铁龙C1(海外)
3639,东风风行景逸SUV
3640,法拉利F12 berlinetta(进口)
3641,丰田FT-BH
3642,雪铁龙C4 AIRCROSS(进口)
3643,东南V5菱致
3644,吉利汽车吉利SX7
3645,北京80
3646,一汽威志V5
3647,荣威950
3649,一汽威志V2三厢
3650,北京E系列三厢
3651,一汽夏利N3+两厢
3652,雷诺塔利斯曼
3653,江淮和悦SC
3654,华普海景
3655,现代朗动
3656,大中华
3657,丰田NS4
3658,金杯西部牛仔
3659,东南V6菱仕
3660,长安CS35
3661,比亚迪秦
3662,海马M8
3664,长安悦翔V5
3665,莲花T5
3666,雪铁龙Numéro 9
3667,奔驰Citan
3668,MG ICON
3669,雷诺卡缤
3670,欧宝英速亚
3671,捷豹C-X16
3673,奔驰CLA级(进口)
3674,雪铁龙Tubik
3675,凯迪拉克Ciel
3676,雪佛兰Miray
3677,雪佛兰Code 130R
3678,雪佛兰Tru 140S
3679,讴歌ILX
3682,奇瑞小蚂蚁
3683,奇瑞TX
3684,东风悦达起亚KCD-8
3685,标致A94
3686,三菱新劲炫ASX
3687,雷克萨斯LF-LC
3688,奔驰CSC
3689,友谊客车友谊中巴
3690,广汽中兴C3
3691,北京北汽C50
3692,北京北汽C51x
3693,长安轿车E30电动车
3694,哈弗H8
3695,红旗H7
3696,东风启辰启辰电动车
3697,江淮瑞风S5
3698,福特翼搏
3699,玛莎拉蒂kubang
3700,宾利SUV1
3701,本田艾力绅
3702,兰博基尼Urus
3703,斯柯达Mission L
3704,哈弗E
3705,一汽夏利N7
3707,起亚Track-ster
3709,铃木G70
3710,一汽NH2
3711,一汽NS2
3712,一汽X121
3713,广汽传祺E-Linker
3714,腾势
3715,凯迪拉克ELR
3716,英菲尼迪Emerg-E
3717,东风风神E30L
3718,北京北汽C90L
3719,中华TRUST
3720,本田凌派
3721,本田杰德
3722,标致URBAN CROSSOVER
3723,讴歌NSX
3724,莲花L6
3725,丰田Dear
3726,吉利汽车帝豪EX6
3727,吉利汽车英伦SC7-RS
3728,东风HUV
3729,力帆530
3730,丰田云动双擎概念车
3731,首望BHCD-1
3732,现代IONIQ(进口)
3733,俊风CV03
3734,东风小康V29
3735,宇通客运客车
3736,奥迪Q2
3737,金杯大海狮
3738,江淮瑞风改装车
3739,海马商用车福仕达新鸿达
3740,福田旅游客车
3741,福田公路客运
3742,福田专用客车
3743,上汽大通MAXUS V80改装车
3744,标致208
3745,荣威E1
3746,福田拓陆者
3747,广汽吉奥财运500
3748,永源五星
3749,福田欧曼
3750,奥迪Q8
3751,中华V6
3752,东风御风
3753,东风启辰启辰R50
3754,哈飞新民意
3755,DS 5(进口)
3756,中华H220
3757,福田奥铃TX
3758,福田奥铃捷运
3759,恒天汽车途腾T1
3760,恒天汽车途腾T2
3761,长安商用长安F101
3762,奥迪Q9(海外)
3763,MINI MPV
3764,观致汽车观致C11
3765,斯柯达昕锐
3766,中华H320
3767,江铃域虎
3768,沃尔沃S60L
3769,江淮BⅡ
3770,纳智捷全新纳5
3771,北汽幻速S2
3772,比亚迪速锐
3773,雪铁龙全新C4L
3774,东风启辰启辰R30
3775,迈凯伦MP4-12C
3776,保斐利LA JOYA
3777,北京银翔
3778,MINI PACEMAN
3779,现代HB20(进口)
3780,smartforstars
3781,奥迪S3
3782,起亚Cee’d(海外)
3783,雪佛兰Trax
3784,宝马3系GT(进口)
3785,沃尔沃XC40
3786,捷豹F-Type
3787,保时捷Macan
3788,丰田Auris
3789,菲亚特500L
3790,欧宝Adam(进口)
3791,宝马1系GT
3792,标致2008（进口）
3793,陆风X5
3794,雪佛兰创酷
3796,法拉利ENZO
3797,红旗L7
3798,雷诺Symbol
3801,海马B11
3802,海马ZM3
3803,雪佛兰乐驰
3804,福迪雄师F16皮卡
3805,标致3008
3806,比亚迪思锐
3807,欧力威
3808,东风小康V26
3809,北汽威旺205
3810,奔驰F125
3811,阿斯顿·马丁阿斯顿马丁Vanquish
3812,讴歌RLX
3813,奇瑞E3
3814,长安逸动XT
3815,铃木锋驭
3816,雪佛兰赛欧SPRINGO
3817,起亚GT概念车
3818,日产MIXIM概念车
3819,三菱i-Miev
3820,广汽传祺E-jet
3821,现代全新胜达
3822,三菱Globe small
3823,长安神骐
3824,奥迪RS6(进口)
3825,帕加尼Huayra
3826,威兹曼Roadster(进口)
3827,威兹曼GT(进口)
3828,福特征服者
3829,奥迪SQ5(进口)
3830,道奇Dart
3831,Faralli MazzantiEvantra
3833,林肯MKC（进口）
3834,观致汽车观致3
3836,马自达CX-3
3837,卡尔森C25
3838,卡尔森S级
3839,卡尔森GL级
3840,丰田86
3841,奥迪RS7(进口)
3842,道奇挑战者
3843,特斯拉MODEL S(进口)
3844,特斯拉MODEL X(进口)
3845,三菱帕杰罗·劲畅
3846,众泰Z100
3847,威兹曼Spyder
3848,特斯拉Roadster
3849,雪铁龙Technospace
3850,起亚Cross GT概念车
3851,弗那萨利99
3852,雪佛兰科鲁兹旅行版
3854,奥迪RS Q3
3855,日产NOTE
3856,迈凯伦P1
3857,法拉利F150
3858,欧宝Cascada
3859,宾利飞驰
3860,大众XL1
3861,起亚Provo
3862,大众e-Co-Motion
3863,三菱GR-HEV
3864,英菲尼迪Q50
3865,英菲尼迪LE
3866,福特嘉年华（进口）
3867,开瑞爱卡
3868,兰博基尼Veneno
3869,东风小康C35
3870,捷豹XJR
3871,金旅客车金旅海狮
3873,中华H330
3874,玛莎拉蒂Ghibli
3875,比亚迪S7
3876,Jeep自由光(进口)
3877,MG名爵锐腾
3878,东南V7
3879,大众朗行
3880,广汽传祺GA3
3881,日产 Friend-ME
3882,DS 6
3883,马自达CX-5
3884,劳斯莱斯魅影
3885,斯柯达昊锐(进口)
3886,法拉利LaFerrari
3887,哈弗H2
3888,奇瑞α7
3889,奇瑞β5
3890,三菱G4
3891,奔驰GLA级(进口)
3892,克莱斯勒300S
3893,布加迪威速
3894,雷诺Alpine
3895,雷克萨斯LF-CC
3896,哈弗H7
3897,吉利汽车吉利EC9
3898,PGOCEVENNES
3899,海马M6
3900,雪铁龙TECENOSPACE
3901,长安CS95
3902,别克Riviera概念车
3903,底特律电动车SP:01
3904,英特诺帝ARIEMIS
3905,标致ONYX
3906,马自达CX-7
3907,铃木Authentics
3908,力帆630
3909,东风小康风光
3910,三菱风迪思
3911,力帆330
3912,PGOHemera
3913,现代MISTRA名图
3914,广汽传祺传祺GA7
3915,中华C3
3916,海马S7
3917,雪佛兰Malibu ss
3918,双龙雷斯特W(进口)
3919,大众Cross Blue
3920,吉利博瑞
3921,宝马2系运动旅行车(进口)
3922,东风启辰启辰Viwa
3923,本田Concept M
3924,福特福睿斯
3925,讴歌X
3926,北京北汽500概念车
3927,北京北汽900概念车
3928,欧朗两厢
3929,江淮瑞风S3
3930,斯柯达Yeti(进口)
3931,观致汽车Estate 3
3932,观致汽车Cross 3 hybrid
3933,别克71C Roadmaster
3934,别克Special Convertible
3935,起亚CUB
3936,江淮和悦A20
3937,江淮和悦A30
3938,永源猎鹰
3939,阿斯顿·马丁阿斯顿马丁DB5
3940,双龙SIV-1
3941,红旗L5
3942,劳斯莱斯R-827
3943,宝马2系(进口)
3945,东风风行CM7
3946,扬州亚星客车亚星客车
3947,斯柯达明锐Combi
3948,铃木北斗星X5
3949,起亚K5（进口）
3950,英菲尼迪Q30
3951,东风EQ6580ST系列
3952,新凯威霆119
3953,新凯凌特324
3954,新凯凌特524
3955,飞驰商务车飞驰斯宾特
3956,飞驰商务车飞驰威霆
3957,福田风景G9
3958,哈飞民意单双排
3959,哈飞中意单双排
3960,蓝海房车蓝海威霆
3961,BRABUS巴博斯 SLK级
3962,哈弗H9
3963,马自达ATENZA（进口）
3964,摩根plus 8
3965,雷克萨斯HS
3966,海马商用车福仕达新腾达
3967,海马商用车福卡
3968,广汽吉奥星旺CL
3969,广汽吉奥星旺L
3970,广汽吉奥星旺M1
3971,广汽吉奥星旺M2
3972,现代格越(进口)
3973,金杯小海狮X30
3974,奔驰CLS级AMG(进口)
3975,奔驰C级AMG(进口)
3976,奔驰G级AMG(进口)
3977,奔驰M级AMG(进口)
3978,奔驰SLK级AMG(进口)
3979,奔驰SLS级AMG(进口)
3980,奔驰SL级AMG(进口)
3981,奔驰S级AMG
3982,奔驰GL级AMG(进口)
3983,奔驰E级AMG
3984,奔驰A级AMG
3985,奔驰CLA级AMG
3986,奔驰CL级AMG
3987,长安CS75
3988,福特Transit
3990,江淮瑞风M5
3991,宝马M3(进口)
3992,宝马M5(进口)
3993,宝马M6(进口)
3994,宝马X5 M(进口)
3995,宝马X6 M(进口)
3996,宝马1系M(进口)
3997,大众Taigun
3998,宝马M4(进口)
3999,奥迪A3
4000,帕加尼Zonda Cinque
4001,恒天汽车途腾T3
4002,斯柯达速派
4003,摩根Roadster
4004,宝马X2
4005,现代i10
4006,现代康恩迪
4007,金龙金威
4008,金龙凯歌
4009,凯迪拉克Elmiraj
4010,广汽吉奥星朗
4012,长安微车长安之星2
4013,欧宝Monza
4014,北汽威旺M20
4015,东风风行景逸X5
4016,丰田YARiS L 致炫
4017,MINI COUNTRYMAN JCW
4018,MINI PACEMAN JCW
4019,MINI COUPE JCW
4020,MINI JCW
4021,MINI CLUBMAN JCW
4022,奥迪RS3
4023,大众朗境
4024,英菲尼迪Q60
4025,英菲尼迪QX50(进口)
4026,英菲尼迪Q70L
4027,英菲尼迪QX60
4028,泰卡特T7(进口)
4029,泰卡特T9(进口)
4030,英菲尼迪QX70
4031,英菲尼迪QX80
4032,英菲尼迪Q60S
4033,之诺1E
4034,捷豹C-X17
4035,斯柯达昕锐 Spaceback版
4036,斯柯达昕锐RS
4037,奥迪 A3 MPV
4038,大众高尔夫Plus
4039,奥迪Nanuk Quattro(进口)
4040,沃尔沃Concept Coupe
4041,起亚极睿
4042,日产QASHQAI(进口)
4043,奥迪Sport Quattro Concept
4045,雷克萨斯LF-NX
4046,雪铁龙全新爱丽舍
4047,中通客车领秀客车
4048,克莱斯勒200
4049,金旅客车系列
4050,中兴威虎G3
4051,欧宝麦瑞纳
4052,福特致胜
4053,奇瑞瑞虎5
4054,长安睿行
4055,长安商用长安尊行
4056,东风启辰启辰R50X
4057,铃木利亚纳A6三厢
4058,东风启辰启辰晨风
4059,宝马M2(进口)
4060,铃木利亚纳A6两厢
4061,纳智捷优6 SUV
4062,莲花L3 GT
4063,莲花L5 GTS 跑车
4064,雷克萨斯RC F
4065,马自达阿特兹
4066,标致2008
4067,力帆X50
4068,海马S5
4069,东风·郑州日产俊风
4070,之诺1E停用
4071,上汽大通MAXUS G10
4072,菲亚特致悦
4073,本田Concept V
4074,江淮瑞风M6
4075,广汽传祺WitStar
4076,江淮iEV
4077,斯柯达昕动(进口)
4078,斯柯达速尊(进口)
4079,现代HUD-9
4080,保时捷917
4081,金杯新海狮
4082,北汽威旺307
4083,海格H5V
4084,一汽佳宝V70 Ⅱ
4085,一汽佳宝V52
4086,一汽佳宝V55
4087,一汽佳宝T51
4088,一汽佳宝T57
4089,一汽佳宝T50
4090,一汽佳宝V70
4092,海马福美来M5
4093,DS 5LS
4094,兰博基尼Huracan
4095,奇瑞艾瑞泽3
4096,广汽吉奥吉奥E美
4097,铃木速翼特（进口）
4098,斯巴鲁Levorg（进口）
4099,山姆GMC商务之星(进口)
4100,山姆凯迪拉克总统一号(进口)
4101,山姆林肯领袖一号(进口)
4102,皮特比尔特卡车皮特比尔特
4103,奥迪Q1(进口)
4104,奔驰GLA级AMG
4105,菲亚特Panda
4106,五菱PN系列货车
4107,福汽启腾启腾 M70
4108,斯柯达昕动
4109,讴歌TLX
4110,摩根4-4
4111,奥迪S1(进口)
4112,一汽骏派D60
4113,观致汽车观致3 五门版
4114,标致108
4115,江铃凯锐800
4116,东风风行景逸S50
4117,本田缤智
4118,长安跨越V5
4119,北汽幻速S3
4120,潍柴英致英致G3
4121,迈凯伦650S
4122,大众Golf GTE
4123,马自达昂克赛拉三厢
4124,庆铃仓栅式运输车
4125,宝马4系GT(进口)
4126,泰卡特T1(进口)
4127,泰卡特T2(进口)
4128,泰卡特T3(进口)
4130,KTMX-BOW
4131,雷诺Twingo
4132,奥迪RS4(进口)
4133,科尼赛克One(进口)
4134,Jeep自由侠
4135,大众Clipper概念车
4136,斯柯达Vision C
4137,大众T-ROC
4138,奔驰V级
4139,DS 5LS停用
4140,斯柯达OCTAVIA
4141,玛莎拉蒂Alfieri概念
4142,雪铁龙C4 Cactus
4143,北汽绅宝D50
4144,蓝海房车蓝海凌特
4145,蓝海房车VT2
4146,蓝海房车VT3
4147,五菱宏光S
4149,北京现代ix25
4150,东风风行景逸X3
4151,现代瑞奕
4152,大众凯路威
4153,起亚K3S
4154,卡尔森C7商务车
4155,卡威K1
4156,卡威W1
4157,浙江卡尔森商务车
4158,陕汽通家福家
4159,陕汽通家龙锐
4160,依维柯超越
4161,三菱Attrage(进口)
4162,奇瑞E2
4163,众泰Z500
4164,宝骏610
4165,雷克萨斯NX
4166,猎豹汽车飞腾C5
4167,猎豹汽车猎豹Q6
4168,新凯威霆122
4169,宝骏730
4171,北汽制造越铃
4172,北汽制造锐铃
4173,中华V3
4174,雪铁龙C3-XR(进口)
4175,东风风神AX7
4176,比亚迪唐
4177,江淮SC-9
4178,力帆820
4179,日产Sport Sedan concept
4180,标致EXALT
4181,长城风骏6
4182,奥迪Q4
4183,双龙途凌
4184,路虎发现Vision concept
4185,宾利Hybird Concept
4186,福田瑞沃工程用车
4187,黄海N1
4188,江淮瑞风A6
4189,奇瑞瑞虎3
4190,丰田雷凌
4191,比亚迪G5
4192,标致睿士 概念车
4193,起亚K4
4194,知豆电动车
4195,奇瑞concept α
4196,奇瑞concept β
4197,哈弗Coupe concept
4198,江淮瑞风M3
4199,奥迪TT offroad concept
4200,沃尔沃Estate概念车
4201,奔腾π概念车
4202,吉利汽车帝豪CROSS
4203,三菱GC-PHEV概念车
4204,三菱XR-PHEV概念车
4205,猎豹汽车猎豹CS10
4206,大众New Midsize Coupe概念车
4207,现代创虎
4208,广汽吉奥吉奥GP150
4209,广汽传祺GA6
4210,日产LANNIA概念车
4211,东风风神东风A9
4212,东风风神L60
4213,奔驰MLC概念车
4214,福特撼路者
4215,宝马Future Luxury概念车
4216,斯巴鲁VIZIV概念车
4217,北京80停用
4218,铃木iV-4
4219,铃木启悦
4220,日产Blade Glider
4221,PGOSPEEDSTER Ⅱ
4222,广汽吉奥广汽GX6
4223,本田Concept B
4224,哈弗H6 Coupe
4225,丰田Mirai
4226,东南V CROSS
4227,吉利豪情SUV
4228,现代捷恩斯
4229,东南DX7
4230,斯柯达明锐Scout
4231,北京BJ100
4232,雪铁龙C-CACTUS
4233,雪铁龙C-XR概念车
4234,雪铁龙CX
4235,雷诺INITIALE PARIS概念车
4236,比亚迪商
4237,北汽绅宝D60
4238,马自达昂克赛拉两厢
4239,福田风景G7
4240,东风御风御风物流车
4241,东风御风御风载客车
4242,大众NMC
4243,沃尔沃V40 Cross Country
4244,摩根3-Wheeler
4245,吉利汽车吉利GX8
4246,东风小康C36
4247,依维柯跃进
4248,长安商用长安之星7停用
4249,北汽新能源北汽E150EV
4250,福田小型多用途车
4251,福田轻型多用途车
4252,福田时代骁运
4253,东风风光330
4254,丰田奔跑者
4255,东风风光风光350
4257,东风风神A30
4258,丰田FT-1概念车
4259,华泰新圣达菲
4260,福田时代康瑞
4261,福田时代领航
4262,福田时代微卡
4263,福田时代驭菱
4264,福特Ka
4265,标致508(进口)
4266,北汽新能源北汽绅宝EV
4267,DaciaDuster
4268,MG名爵锐行
4269,野马汽车野马T70
4270,哈弗H1
4271,科瑞斯的斯宾特
4272,道奇Charger
4273,奇瑞QQ电动车
4274,众泰Z600
4275,欧宝Corsa
4276,科瑞斯的GMC商务之星
4277,科瑞斯的悍马H6
4278,捷豹XE
4279,本田XR-V
4280,五十铃D-MAX
4281,广汽传祺GA3S 视界
4282,凯迪拉克ATS-L
4283,吉利新帝豪三厢
4284,吉利新帝豪两厢
4285,摩根Aero
4286,野马汽车野马F16
4288,GMCSIERRA
4289,摩根Plus 4
4290,雪佛兰创界
4291,众泰云100
4292,凯翼C3
4293,凯翼C5
4294,金龙凯特
4295,本田飞度(进口)
4296,金杯A7
4297,金杯A9
4298,金杯T20
4299,金杯T22
4302,奇瑞QQ
4303,长安悦翔V7
4304,英菲尼迪Q50L
4305,英菲尼迪ESQ
4306,雪铁龙C3-XR
4307,凯翼X3
4308,大众凌渡
4309,凯翼C3R
4310,凯翼C5R
4311,野马汽车野马C18
4312,大众Amarok
4313,路虎发现神行(进口)
4314,成功K1
4315,成功K2
4316,成功V1
4317,成功V2
4318,成功X1
4319,奔驰AMG GT
4320,沃尔沃 XC Classic
4321,中华豚
4322,丰田C-HR
4323,东风风光360
4324,捷豹XS
4325,广汽传祺GS5 Super
4326,东风小康小康K07S
4328,奇瑞eQ
4329,路虎揽胜极光
4330,兰博基尼Asterion
4331,日产IDX
4332,DS神韵
4333,MINI Superleggera Vision
4334,MINI Superleggera Vision(未上市）
4335,铃木维特拉
4336,昌河福瑞达M50停用
4337,北汽新能源北汽306EV
4338,力帆乐途
4339,江铃集团轻汽骐铃T5
4340,沃尔沃XC60
4341,海格H6C
4342,中欧奔驰房车尊致
4343,中欧奔驰房车尊适
4344,中欧奔驰房车尊铂
4345,中欧奔驰房车尊逸
4346,中欧奔驰房车维达莱斯
4347,中欧奔驰房车适尊
4348,中欧奔驰房车适豪
4349,英菲尼迪QX50
4350,海格H6V
4351,马自达CX-3(进口)
4352,福迪揽福
4353,日产kicks概念车
4354,广汽中兴GX3
4355,东风启辰启辰T70
4356,长安之星9
4357,华颂7
4358,东风小康C31
4359,东风小康C32
4360,迈凯伦Sports Series
4361,乔治·巴顿
4362,九龙艾菲
4363,陆风X7
4364,观致汽车观致3都市SUV
4365,中华H230EV
4366,丰田Scion iM 概念车
4367,五菱征程
4368,MINI 5-DOOR
4369,迈凯伦625C
4370,本田FCV concept 概念车
4371,奥迪Prologue概念车
4372,福特锐界
4373,奔驰迈巴赫S级
4374,朗世EV
4375,观致汽车逸云
4376,北汽绅宝D80
4377,北汽绅宝X65
4378,北汽绅宝D20 三厢版
4379,北汽绅宝D20 两厢版
4380,北汽绅宝D20 Cross版
4381,一汽V77
4382,北汽绅宝CC
4383,现代Intrado
4384,起亚KX3
4385,奥迪A3 e-tron
4386,上汽大通MAXUS EV80
4387,福田萨瓦纳
4388,广汽传祺传祺GA5 REV
4389,领志i1
4390,奥迪allroad shooting brake
4391,奥迪nanuk quattro concept
4392,奥迪Sport quattro
4393,福田伽途V3
4394,北汽幻速H2
4395,雪佛兰赛欧3
4396,北汽新能源北汽EV系列
4397,北汽绅宝X25
4398,一汽解放T80
4399,现代索纳塔九
4400,法拉利FXX K
4401,奔驰GLE级(进口)
4402,北汽新能源北汽ES210
4403,Artega GT
4404,吉利汽车吉利金刚财富
4405,吉利汽车吉利新美日
4406,雷丁电动雷丁D70
4407,雷丁电动雷丁D50
4408,雷丁电动小王子
4409,长安新豹MINI
4410,长安新豹2
4411,长安跨越王
4412,长城华冠K50
4413,东风虎视
4414,宝马i9
4415,奔腾B60
4416,奔驰威雷
4417,东风风度MX6
4418,广汽传祺GS4
4419,开瑞K50
4420,五菱荣光V
4421,现代i20
4422,雪佛兰Impala
4423,雪佛兰Equinox
4424,迈凯伦P13
4425,长安跨越V5厢式车
4426,奔驰GLE级AMG
4427,丰田Tacoma
4428,福特GT
4429,卡威HX
4430,兰博基尼Diablo
4431,北汽威旺007
4432,北汽幻速S6
4433,捷豹F-PACE
4434,标致308S
4435,比亚迪S3
4436,Noble M600
4437,众泰Z700
4438,BRABUS巴博斯 GL级
4439,东风雷诺科雷嘉
4440,大众electric up!
4441,金杯T30
4442,金杯T32
4443,迈凯伦675LT
4444,法拉利488(进口)
4445,大众Sportsvan
4446,宝马2系多功能旅行车(进口)
4447,宝骏560
4448,本田Pilot
4449,奔驰AMG GT3
4450,荣威e550
4451,英菲尼迪QX30
4452,福田图雅诺
4453,宾利EXP 10 Speed 6
4454,现代ix20
4456,GTASpano
4457,别克威朗VERANO
4458,江淮第二代瑞风S5
4459,长安之星3
4460,北汽新能源北汽307EV
4461,一汽V75
4462,御捷330
4463,御捷厢式物流车
4464,玛莎拉蒂Levante
4465,福迪雄师F22
4466,华晨金杯750
4467,宇通E7纯电动城市客车
4468,福特Ranger
4469,凯迪拉克CT6
4470,凯迪拉克XT5
4471,宇通E8纯电动城市客车
4472,宇通E10纯电动城市客车
4473,宇通E12纯电动城市客车
4474,宝沃Isabella
4475,林肯大陆
4476,奇瑞艾瑞泽M7
4477,奔驰GLA级
4478,观致汽车观致2 SUV
4479,广汽传祺GA8
4480,东风风行景逸XV
4481,江淮瑞风S2
4482,迈凯伦570S
4483,迈凯伦540C
4484,北汽绅宝X55
4485,北汽幻速H6
4486,双龙蒂维拉
4487,双龙RIOS
4488,福特金牛座
4489,众泰T500
4490,英菲尼迪Q80 Inspiration
4491,吉利汽车吉利英伦C5三厢
4492,吉利汽车吉利英伦C5两厢
4493,别克Avenir概念车
4494,阿斯顿·马丁DBX
4495,大众T6
4496,奔驰GLC Coupe
4497,比亚迪宋
4498,比亚迪元
4499,DS 5 Moon Dust概念车
4500,斯巴鲁Blitzen 概念车
4501,比亚迪e5
4502,长安欧尚
4503,东风启辰启辰VOW概念车
4504,力帆X40
4505,力帆X70
4506,雪佛兰Bolt EV
4507,东风风行S500
4509,菲亚特Ottimo致悦Cross 概念车
4510,江淮帅铃T6
4511,红旗LS5
4512,东风风行F600
4513,雪佛兰FNR概念车
4514,奇瑞α5
4515,奔腾B30
4517,大众桑塔纳·浩纳
4518,雪佛兰Suburban
4519,西雅特20V20
4520,英菲尼迪Vision GT
4522,奔驰F015 Luxury in Motion
4523,长安轿车REATON CC
4524,吉利汽车EMGRAND
4525,大众C Coupe GTE
4526,东风风神AX3
4527,江淮瑞风A33
4528,福特途睿欧
4529,江淮瑞风A60
4530,MG iGS
4531,哈弗concept R
4532,哈弗concept B
4533,赛麟SALEEN赛麟S7
4534,赛麟SALEEN赛麟野马
4535,之诺Concept Next
4536,本田CONCEPT D概念车
4537,赛麟SALEEN赛麟科迈罗
4538,赛麟SALEEN赛麟领道300S
4539,铃木iK-2
4540,铃木iM-4
4541,众泰大迈 X5
4542,众泰E200
4543,比亚迪T3
4544,众泰芝麻E30
4545,Zenvo ST1
4546,中华EV
4547,雷克萨斯LF-C2
4548,赛麟SALEEN赛麟领道430S
4550,北京BJ20
4551,江铃顺达
4552,江铃凯运宽体
4553,北汽新能源EX
4554,奥迪SQ7
4555,五十铃mu-X
4556,日产Titan
4557,奇瑞艾瑞泽5
4558,东风风神AX5
4559,凯翼C3R CROSS
4560,福特Galaxy
4561,广汽传祺GA4
4562,东风风行DM5
4563,福田伽途V5
4564,知豆D2
4565,康迪全球鹰K10D
4566,康迪全球鹰K11D
4567,大众Golf旅行轿车
4568,大众Golf运动型敞篷轿车
4569,大众Golf Cross
4570,开瑞多功能售货车
4571,五菱荣光小卡
4572,雷诺Kwid
4573,宇通ZK6115HT1Z团体客车
4574,金杯小金牛
4575,黄海N2
4576,STARTECH揽胜行政版
4577,STARTECH揽胜行政加长版
4578,STARTECH揽胜运动
4579,STARTECH卫士
4581,宝马X7
4582,雷诺Eolab
4583,开瑞杰虎
4584,江淮K3
4585,欧联C1
4586,GMCYUKON
4587,AC Schnitzer ACS8
4588,荣威360
4589,道奇Durango
4590,奥迪Q6
4591,力帆X80
4592,知豆D1
4593,众泰T700
4594,福田伽途T3
4595,吉利帝豪RS
4596,上喆汽车唯雅诺
4597,奔驰GLC级
4598,阿尔法·罗密欧Giulia
4599,日产西玛
4600,丰田塔科马Tacoma
4601,福田时代金刚
4602,潍柴英致英致737
4603,游侠汽车游侠 X
4604,江铃集团轻汽骐铃T7
4605,沃尔沃V60 Cross Country
4606,北汽幻速H3
4607,路虎发现神行
4608,五菱宏光S1
4609,雪佛兰乐风RV
4610,本田锋范
4611,中兴小老虎
4612,菲亚特500X
4613,摩根Aero 8
4614,丰田卡罗拉双擎
4615,重汽王牌717微卡
4616,吉利博越
4617,黄海N1S
4618,宝骏330
4619,金杯智尚S35
4620,长安新豹2厢式车
4621,丰田雷凌双擎
4622,众泰SR7
4623,潍柴欧睿欧睿
4624,雪铁龙C4世嘉
4625,东风启辰启辰T70X
4626,长安CX70
4627,标致Fractal概念车
4628,雪铁龙Cactus M概念车
4629,马自达KOERU越
4630,保时捷Pajun
4631,布加迪Vision Gran Tuismo概念车
4632,布加迪Chiron
4633,宝沃BX7
4634,劳斯莱斯曜影
4635,铃木Baleno
4636,现代i30
4637,雷诺梅甘娜
4638,宝马i5
4639,宝马i7
4640,菲亚特124 Spider
4641,昌河M50
4642,北汽威旺M30
4643,奔驰IAA
4644,保时捷Mission E Concept
4645,奥迪e-tron quattro Concept
4646,大众Golf GTE Sport
4647,昌河Q25
4648,本田哥瑞
4649,福汽启腾启腾EX80
4650,别克威朗轿跑
4651,东风风光370
4652,雷克萨斯GS F
4653,雷丁电动雷丁S50
4654,Jeep自由光
4655,观致汽车观致5 SUV
4656,陕汽通家电牛一号
4657,雷克萨斯RC
4658,马自达RX-Vision(进口)
4659,铃木IGNIS
4660,本田S660
4661,浙江卡尔森商旅车
4662,奔驰GLS级(进口)
4663,奔驰GLS级AMG
4664,陆地方舟风尚
4665,陆地方舟V5S
4666,陆地方舟JEV
4667,宝马3系旅行轿车(进口)
4668,宝马5系旅行轿车(进口)
4669,奔驰C级旅行轿车(进口)
4670,雷克萨斯LF-FC
4671,五十铃瑞迈
4672,陆地方舟威途Z35
4673,起亚KX5
4674,北汽新能源北汽EU系列
4675,长安CS15
4676,中华F20
4677,荣威VISION-R
4678,广汽传祺传祺EV coupe
4679,广汽传祺传祺i-lounge
4680,雷诺R.S.01
4681,DS 4S
4682,现代领动
4683,丰田FV
4684,宝马Compact Sedan
4685,大众CROSS COUPE GTE
4686,现代Enduro
4687,大众高尔夫 嘉旅
4688,荣威e950
4689,奔驰GLE级运动SUV(进口)
4690,奔驰GLE级AMG运动SUV(进口)
4691,东风御风领运版
4692,东风御风领尊版
4693,东风御风领御版
4694,东风御风领航版
4695,东风御风服务系列
4696,东风御风工程系列
4697,东风御风检测系列
4698,东风御风警用系列
4699,东风御风冷链系列
4700,东风御风医疗系列
4701,东风御风邮政系列
4702,东风御风旅居车
4703,沃尔沃S90(进口）
4704,长久汽车长久凯路威
4705,一汽骏派A70
4706,赛麟SALEEN赛麟挑战者
4707,吉利帝豪EV
4708,江铃集团轻汽骐铃T3
4710,金杯小海狮X30L
4711,马自达CX-4
4712,华泰新能源华泰XEV260
4713,华泰新能源华泰iEV230
4714,宝马i Vision Future Interaction
4715,北汽幻速H3F
4716,福田伽途ix
4717,奥迪h-tron quattro Concept
4718,力帆迈威
4719,潍柴英致英致727
4720,别克Avista
4722,大众蔚揽旅行轿车
4723,GMCAcadia
4724,现代捷恩斯G90
4725,纳智捷锐3
4726,大众途安L
4727,东风风光580
4728,睿行M90
4729,神骐F30
4730,神骐F50
4731,雷克萨斯LC
4732,奥迪A4 allroad
4733,长安跨越V3
4734,吉利帝豪GS
4735,奥迪A6 allroad
4736,海马福美来7座版
4737,沃尔沃V90(进口）
4738,雪佛兰迈锐宝XL
4739,菲亚特Tipo
4740,DSE-Tense Concept
4741,大众PHIDEON
4742,斯柯达柯迪亚克
4743,大众T-Cross Breeze
4744,宝沃BX5
4745,宝沃BX6 TS
4746,江淮iEV6S
4747,雪铁龙SPACETOURER
4748,北汽威旺M35
4749,开瑞K50S
4750,宝马2系旅行车
4751,北汽绅宝X35
4752,宝马VISION NEXT 100
4753,北京40L
4754,北汽威旺S50
4755,奔驰GLC级AMG
4756,一汽森雅R7
4757,奇瑞瑞虎7
4758,宝骏310
4759,特斯拉MODEL 3(进口)
4760,东风风行SX6
4761,长江汽车逸酷
4762,东风御风校车
4763,江淮瑞风S2 mini
4764,江淮瑞风M4
4765,阿斯顿·马丁阿斯顿马丁DB11
4766,广汽传祺GS8
4767,荣威RX5
4768,奥迪Audi connected mobility concept
4769,江淮SC5
4770,奔驰SLC级
4771,凯翼X5
4772,凯翼V3
4773,奇瑞FV2030概念车
4774,雪铁龙E-Mehari
4775,奇瑞S15EV
4776,日产IDS概念车
4777,北汽绅宝OffSpace概念车
4778,众泰大迈 X7
4779,金杯MS3
4780,讴歌CDX
4781,迈凯伦570GT
4782,猎豹汽车猎豹CT7
4783,猎豹汽车猎豹CS9
4785,东风风度MX5
4786,东南DX concept概念车
4787,法拉利GTC4 Lusso
4788,丰田FCV PLUS概念车
4789,丰田JIXIE概念车
4790,东南DX3
4791,大众辉昂
4792,本田UR-V
4793,奇瑞瑞虎3x
4794,本田冠道
4795,东风风诺风诺E300
4796,金杯蒂阿兹
4797,东风启辰启辰T90
4798,驭胜S330
4799,雪铁龙爱丽舍电动版
4800,红旗L6
4801,奔腾X4
4802,上汽大通MAXUS D90
4803,奔腾X6
4804,红旗B-CONCEPT
4805,红旗S-CONCEPT
4806,大众T-PRIME CONCEPT GTE
4808,丰田朗世概念车
4809,依维柯VISION概念车
4810,北汽新能源电动超跑
4811,现代悦纳
4812,江淮iEV6E
4813,东风风行S 500 EV
4814,阿尔特卡尔曼
4815,ARCFOX-1
4816,猎豹汽车猎豹C5-EV
4817,乔治·巴顿战剑
4818,昌河Q35
4819,Faraday FutureFFZERO1
4820,保时捷718
4822,LeSEE
4823,潍柴英致英致G5
4825,力帆650
4827,康迪全球鹰K12
4828,GMCTerrain
4829,大众凌渡GTS
4831,福特福克斯RS
4832,雪铁龙C6
4833,长安新豹MINI箱式
4834,长安跨越王箱式
4835,宇通T7高档公商务车
4836,宇通H8插电式城市客车
4837,奇瑞瑞虎9
4838,昌河福瑞达K系
4839,吉利远景SUV
4840,北汽幻速幻速H2V
4841,众泰SR9
4842,吉利帝豪GL
4843,SWM斯威汽车SWM斯威X7
4844,中兴威虎新TUV
4845,中华V7
4846,阿斯顿·马丁AM-RB 001
4847,三菱欧蓝德
4848,北汽幻速S3L
4849,汉腾X7
4850,比亚迪秦EV300
4851,比速汽车比速T3
4852,哈弗H2s
4853,宝马1系
4854,雪佛兰科沃兹
4855,之诺60H
4856,中兴领主
4857,北汽瑞丽道达V8
4858,康迪全球鹰K17A
4859,华泰路盛E80
4860,华凯皮卡
4861,雷丁电动小骑士
4862,雷丁电动雷丁D80
4863,凯迪拉克Escala概念车
4864,捷豹XFL
4865,大众Cross桑塔纳
4866,标致4008
4867,比速汽车比速M3
4868,东风风行全新景逸X5
4869,大众Cross UP!
4870,本田竞瑞
4871,福特新全顺
4873,大众途昂
4874,奔驰Vision Van
4875,力帆轩朗
4876,小鹏汽车
4877,大众蔚领
4878,三菱GT-PHEV概念车
4879,日产NV300
4880,丰田PROACE
4881,宝骏510
4882,Jeep指南者
4883,现代RN30
4884,奔驰EQ
4885,雷克萨斯UX概念车
4886,大众I.D.概念电动车
4887,奔驰E级ALL Terrain
4888,欧宝Karl Rocks
4889,雷诺TREZOR概念车
4890,GLM G4
4891,宝马8系(进口)
4892,东风雷诺科雷傲
4893,蔚来EP9
4894,中欧奔驰房车维莱德
4895,中欧奔驰房车麦坦威
4896,北汽威旺M50F
4897,奇瑞艾瑞泽7e
4898,福田奥铃CTS
4899,长城C30EV
4900,现代悦纳RV
4901,沃尔沃S90长轴版
4902,LYNK＆CO 01概念车
4903,广汽传祺GS7
4904,观致汽车观致3 GT
4905,开瑞K60
4906,金杯T50
4907,金杯T52
4908,雅宾纳ALPINA B4 BITURBO
4909,长安睿行S50
4910,金杯快运
4911,卡威K150
4912,上汽大通MAXUS T60
4913,福汽启腾启腾V60
4914,陆地方舟J0
4915,起亚KX7
4916,陆地方舟劲玛
4917,荣威eRX5
4919,汉腾X5
4920,荣威i6
4921,斯柯达柯迪亚克停用
4922,MG ZS
4923,陆风e33
4924,讴歌TLX停用
4925,中华H3
4926,观致汽车观致3 Q·LECTRIQ纯电动概念车
4927,东风风行风行SX3
4928,现代奕动
4929,奔腾X40
4930,长安逸动EV
4931,别克Velite概念车
4932,雪佛兰Equinox探界者
4933,广汽乘用车广汽EnLight概念车
4934,福田伽途im
4935,丰田威驰FS
4936,大众途观L
4937,丰田YARiS L 致享
4938,福特EcoSport
4939,华骐300E
4940,大众I.D.概念车
4941,广汽传祺EnLight概念车
4942,广汽传祺传祺GS4 EV
4943,广汽传祺传祺GS6
4944,本田CONCEPT D
4945,陆风逍遥
4946,兰博基尼Centenario
4947,上汽大通MAXUSG10 EV
4948,一汽D30
4949,乔治·巴顿战斧
4950,乔治·巴顿战鹰
4951,乔治·巴顿迈克将军
4952,雪佛兰索罗德
4953,雪佛兰库罗德
4954,WEYW01
4955,WEYW02
4956,斯巴鲁XV Concept
4957,ARCFOX-7
4958,日产FCEV
4959,标致QUARTZ 概念车
4960,荣威ei6
4961,路虎全新一代发现
4962,新凯V级
4963,大众Arteon
4964,大众Korama概念车
4965,五菱之光V
4966,昌河M70
4967,海马@3
4968,北汽幻速S5
4969,野马汽车野马T80
4970,丰田i Concept概念车
4971,起亚Stinger
4972,福田风景V3
4973,福田风景V5
4974,北汽新能源EC系列
4975,吉利远景X1
4976,北汽幻速H5
4977,比速汽车比速T5
4978,东风小康小康K05S
4979,东风启辰启辰M50V
4980,华泰新能源EV160
4981,奇瑞小蚂蚁（eQ1）
4982,江淮瑞风S7
4983,宇通欧辉专用客车
4984,路虎揽胜星脉
4985,阿尔法·罗密欧Stelvio
4986,长安凌轩
4987,DS7
4988,现代FE Fuel Cell
4989,奔驰迈巴赫G级
4990,江淮帅铃V6
4991,本田雅阁混动
4992,现代全新悦动
4993,法拉利812Superfast
4994,迈凯伦720S
4995,江铃特顺
4998,众泰Z560
5001,别克VELITE 5
5002,北汽新能源EH系列
5003,陆风X2
5008,长安CS55
5009,雪铁龙天逸C5 Aircross
5015,比亚迪宋DM
5017,欧尚A800
5019,一汽骏派CX65
5023,红旗H5
5029,沃尔沃V90 Cross Country
5033,蔚来ES8
5036,五十铃Giga
5043,五菱宏光S3
5044,日产纳瓦拉
5046,日产劲客
5049,起亚焕驰
5055,一汽骏派A50
5068,金杯F50
5080,金杯S70
5081,铃木骁途
5083,斯柯达KAROQ
5084,中欧奔驰房车维沃特
5085,标致5008
5086,众泰Z360
5088,长安睿行M70
5090,江铃E200S
5091,江铃E160
5093,SWM斯威汽车SWM斯威X3
5095,吉威J0
5096,吉威V5S
5097,吉威劲玛
5098,海马S5 Young
5099,浙江卡尔森T6
5100,浙江卡尔森V级
5101,浙江卡尔森威霆
5102,浙江卡尔森凌特
5103,海马爱尚EV
5104,宝马8系
5105,江铃商旅房车
5106,江铃D-MAX房车
5107,江铃商旅房车经典款
5108,江铃考斯特房车
5110,江铃罗莎房车租赁款
5111,江铃旅居房车
5112,宝骏310W
5113,众泰T600 Coupe
5114,东风风度MX3
5116,东风风神AX4
5117,广汽传祺GE3
5118,奇瑞QQ3EV
5119,上汽荣威ERX5 纯电动
5122,上汽荣威eRX5 插电混动
5123,荣威RX3
5128,宝马2系多功能旅行车
5129,罗伦士Lorinser LS
5130,罗伦士Lorinser MS
5131,吉利汽车远景X3
5133,罗伦士Lorinser VS
5134,比亚迪宋EV300
5135,黄海N3
5136,东风风行景逸X6
5137,广汽传祺GS4 PHEV
5138,广汽传祺GA5 PHEV
5139,广汽传祺GA3S PHEV
5140,众泰T300
5141,宝马5系 插电混动
5142,宝马X1 插电混动
5143,宝马7系 插电混动
5144,宝马X5 插电混动
5145,凯迪拉克CT6 插电混动
5146,奥迪A3 插电混动
5147,奥迪Q7 插电混动
5148,奔驰S级 插电混动
5149,保时捷Cayenne 插电混动
5150,保时捷Panamera 插电混动
5152,江铃E200
5153,江铃E100
5154,东风御风P16
5155,东风御风P16
5156,捷豹E-PACE
5157,捷豹XEL
5158,哈弗M6
5159,启辰D60
5160,奇瑞艾瑞泽5e
5161,昌河北斗星X5E
5162,奔驰X级
5164,纳智捷U5 SUV
5165,雷诺Espace
5166,中欧房车凯路威
5167,江铃途睿欧商务车
5168,长安轻型车睿行S50T
5169,华泰EV160R
5170,现代伊兰特EV
5172,华泰圣达菲7
5173,广汽传祺GS3
5174,别克GL6
5175,陆地方舟威途X35
5176,陆地方舟T80LC冷链车
5177,陆地方舟T6厢式货车
5178,野马EC70
5179,野马EC30
5180,福汽启腾M70EV
5181,北汽制造道达
5182,比亚迪宋MAX
5183,讴歌TLX-L
5184,克莱斯勒Pacifica
