description,isValid,itemName,itemValue,orderNum,parentID,typeCode,typeName
竞品车型黑名单,1,3817,63,1,0,240,竞品车型黑名单
竞品车型黑名单,1,63,3817,2,0,240,竞品车型黑名单
竞品车型黑名单,1,77,3177,3,0,240,竞品车型黑名单
竞品车型黑名单,1,3177,77,4,0,240,竞品车型黑名单
竞品车型黑名单,1,3408,3407,5,0,240,竞品车型黑名单
竞品车型黑名单,1,3407,3408,6,0,240,竞品车型黑名单
竞品车型黑名单,1,3156,2484,7,0,240,竞品车型黑名单
竞品车型黑名单,1,2484,3156,8,0,240,竞品车型黑名单
竞品车型黑名单,1,3017,2476,9,0,240,竞品车型黑名单
竞品车型黑名单,1,2476,3017,10,0,240,竞品车型黑名单
竞品车型黑名单,1,3198,4669,11,0,240,竞品车型黑名单
竞品车型黑名单,1,4669,3198,12,0,240,竞品车型黑名单
竞品车型黑名单,1,4137,3661,13,0,240,竞品车型黑名单
竞品车型黑名单,1,3661,4137,14,0,240,竞品车型黑名单
竞品车型黑名单,1,3672,2649,15,0,240,竞品车型黑名单
竞品车型黑名单,1,2649,3672,16,0,240,竞品车型黑名单
竞品车型黑名单,1,5058,3884,17,0,240,竞品车型黑名单
竞品车型黑名单,1,3884,5058,18,0,240,竞品车型黑名单
竞品车型黑名单,1,4172,4557,19,0,240,竞品车型黑名单
竞品车型黑名单,1,4557,4172,20,0,240,竞品车型黑名单
竞品车型黑名单,1,4443,5223,21,0,240,竞品车型黑名单
竞品车型黑名单,1,5223,4443,22,0,240,竞品车型黑名单
竞品车型黑名单,1,4853,5232,23,0,240,竞品车型黑名单
竞品车型黑名单,1,5232,4853,24,0,240,竞品车型黑名单
竞品车型黑名单,1,5362,2542,25,0,240,竞品车型黑名单
竞品车型黑名单,1,2542,5362,26,0,240,竞品车型黑名单
竞品车型黑名单,1,4914,5348,27,0,240,竞品车型黑名单
竞品车型黑名单,1,5348,4914,28,0,240,竞品车型黑名单
竞品车型黑名单,1,4813,2758,29,0,240,竞品车型黑名单
竞品车型黑名单,1,2758,4813,30,0,240,竞品车型黑名单
竞品车型黑名单,1,5329,5177,31,0,240,竞品车型黑名单
竞品车型黑名单,1,5177,5329,32,0,240,竞品车型黑名单
竞品车型黑名单,1,5436,4319,33,0,240,竞品车型黑名单
竞品车型黑名单,1,4319,5436,34,0,240,竞品车型黑名单
竞品车型黑名单,1,5214,4609,35,0,240,竞品车型黑名单
竞品车型黑名单,1,4609,5214,36,0,240,竞品车型黑名单
竞品车型黑名单,1,5443,4319,37,0,240,竞品车型黑名单
竞品车型黑名单,1,4319,5443,38,0,240,竞品车型黑名单
竞品车型黑名单,1,5144,4326,39,0,240,竞品车型黑名单
竞品车型黑名单,1,4326,5144,40,0,240,竞品车型黑名单
竞品车型黑名单,1,2608,5494,41,0,240,竞品车型黑名单
竞品车型黑名单,1,5494,2608,42,0,240,竞品车型黑名单
竞品车型黑名单,1,2024,5556,43,0,240,竞品车型黑名单
竞品车型黑名单,1,5556,2024,44,0,240,竞品车型黑名单
竞品车型黑名单,1,5511,4211,45,0,240,竞品车型黑名单
竞品车型黑名单,1,4211,5511,46,0,240,竞品车型黑名单
竞品车型黑名单,1,5568,5588,47,0,240,竞品车型黑名单
竞品车型黑名单,1,5588,5568,48,0,240,竞品车型黑名单
竞品车型黑名单,1,5530,5125,49,0,240,竞品车型黑名单
竞品车型黑名单,1,5125,5530,50,0,240,竞品车型黑名单
竞品车型黑名单,1,5488,4711,51,0,240,竞品车型黑名单
竞品车型黑名单,1,4711,5488,52,0,240,竞品车型黑名单
竞品车型黑名单,1,5495,3831,53,0,240,竞品车型黑名单
竞品车型黑名单,1,3831,5495,54,0,240,竞品车型黑名单
竞品车型黑名单,1,4864,5647,55,0,240,竞品车型黑名单
竞品车型黑名单,1,5647,4864,56,0,240,竞品车型黑名单
竞品车型黑名单,1,5620,5597,57,0,240,竞品车型黑名单
竞品车型黑名单,1,5597,5620,58,0,240,竞品车型黑名单
竞品车型黑名单,1,5594,5172,59,0,240,竞品车型黑名单
竞品车型黑名单,1,5172,5594,60,0,240,竞品车型黑名单
