modelID,modelName
3640,北汽昌河M50S
2791,绅宝D50
3638,海格H6V
2306,奥轩G5
3639,骐铃T7
2788,悦翔V5
2304,长城M4
2787,绅宝D70
2302,福特E350
2785,睿骋
4962,亚洲龙
3631,乐途
4963,英致737EV
3632,标致308S
3633,揽福
4964,海狮S
3634,东南DX7
3636,海格H6C
3637,东风风度MX6
4981,逸动ET
4982,星越
2314,DS 5(进口)
2313,迈锐宝
2312,力帆720
6,赛弗
2310,奔腾B90
4972,秦Pro新能源
4973,起亚KX3新能源
4974,理想ONE
3644,中兴GX3
4976,长安CS35 PLUS
4977,力帆820EV
2319,起亚K2
4978,欧尚长行
3648,奇瑞eQ
4979,欧尚长行EV
2318,海马爱尚
4992,观境
3661,北汽幻速H2
3662,观致5
4993,途铠
2331,旗云5
4508,御捷E驰
4509,威途X35
2325,智尚S30
2324,奇瑞E5
2323,中华H530
4983,几何A
3652,英菲尼迪QX30
3653,英致737
4984,哈弗F7x
3655,卡升威霆
4986,柯迪亚克GT
4502,北汽幻速S7
3656,卡升C10
4987,BEIJING-U7
4503,中华V7
3657,五菱荣光V
4988,罗夫哈特GR500
4505,KX CROSS
4506,北汽昌河A6
3672,索纳塔九
3673,绅宝D80
4520,宝沃BX6
2341,启辰D50
1010,凯尊
1008,长安CX30
4518,圣达菲5
4519,君马S70
1007,北京现代ix35
1006,东风风神H30
2337,众泰Z300
2336,众泰T200
1005,马自达CX-9
1004,smart forfour
2334,众泰T600
2333,众泰T300
2332,帕杰罗?劲畅(进口)
4510,野马EC30
4994,全球鹰K27
4995,域虎EV
3664,KX3傲跑
4511,道达V8
3665,迈巴赫S级
4997,天际ME7
4516,星途TX
4517,长安欧尚X70A
3681,江铃E100B
3683,奔驰GLE
4530,启腾M70EV
4531,瑞虎5x
2353,福特F-150
1018,ASX劲炫(进口)
1017,索纳塔(进口)
2348,爱唯欧
1016,速迈
1015,帅豹
4522,LITE
3676,风景V3
4523,凯绅
3677,宝骏560
4524,Portofino
4525,福美来F7
4526,奥迪A6L新能源
3691,传祺GS4
3693,金牛座
3695,奔腾B30
2362,库罗德
3207,凯迪拉克ATS-L
2357,Model S
3204,长安CS75
3202,英菲尼迪Q60S
2355,SIERRA
601,菲亚特500
3201,英菲尼迪Q60
2354,坦途
602,酷威
3685,长安之星9
4533,成功V2E
3688,奔驰GLS
605,英菲尼迪EX
606,V3菱悦
3689,沃尔沃XC40(进口)
608,熊猫
609,金鹰
3209,捷豹F-PACE
4552,阅朗
4553,北汽威旺M60
3221,战旗皮卡
3220,力帆X50
3217,奔奔
3216,北斗星X5
3215,威虎G3
3214,海马S5
611,中国龙
612,奇瑞QQme
613,威麟X5
3697,东风小康K07S
614,朗逸
3698,东风小康C31
616,和悦
3699,东风小康C32
617,同悦RS
4560,御风S16
4563,路易斯
3231,北汽威旺307
3230,宝马2系
2381,楼兰
3229,力帆T21
3228,力帆T11
3227,长安睿行M80
3226,启辰R50X
620,smart fortwo
2378,野马F10
622,勇士
623,北京BJ40
4554,荣威Ei5
624,凌傲
4555,君马MEET 3(美图3)
4556,国金GM3
5403,艾瑞泽e
5404,众泰M10EV
627,无限V3
4557,卡威K150GT
5406,旷世
5408,比德文E3
4574,裕路EV2
3244,龙锐
3243,海格H5V
2391,马自达CX-5(进口)
3238,雷克萨斯RC F
631,迈特威
632,奔腾B50
2388,宝马i3
3235,海格H7V
633,宝来
2387,宝马i8
3234,标致2008
634,天籁
635,陆风X9
4566,好运1号
4567,鑫源X30LEV
4568,鑫源T20EV
5415,WEY VV7 GT
4569,揽胜运动版新能源
5416,WEY VV7 GT新能源
639,世嘉
5418,长安星卡C系
5419,长安星卡L1
4580,依维柯欧胜
4581,Polestar 1
4584,奔腾B30EV
5432,海豚EV
4586,勇士皮卡
4102,冠道
5433,跨越王X1
640,标致207(进口)
641,马自达2劲翔
3248,奔驰GLA
4579,揽胜新能源
5428,迈莎锐G级
5441,风行T1EV
5442,迈乔
4111,猎豹CS9
4112,猎豹C5EV
5443,跨越王X5
4597,知豆D3
5444,跨越者D5
3264,奔驰GLA AMG
650,奥迪A1
651,伊柯丽斯
653,英速亚
655,睿翼
656,奇骏
657,科鲁兹
4587,宝骏530
4104,北汽新能源EH
658,马自达CX-7(进口)
4588,逸动DT
4589,领途E行
659,嘉年华
4105,科沃兹
5436,跨越王X3
5437,新豹3
4107,悦纳
5439,长安欧尚X7 EV
5450,五菱宏光PLUS
4120,上汽MAXUS D90
3277,Huracán
3272,E美
660,同悦
661,迷迪
663,众泰5008
3269,速尊
3267,致悦
668,君阁
5445,威然
5446,奕炫EV
669,尚酷
4115,启辰T90
4599,北汽昌河Q7
5447,SHELBY F-150
5448,SHELBY GTE
4130,汉腾X7
5461,锐程CC
4131,海格H4E
4132,长安睿行S50
4133,远景X6
3286,起亚K4
3284,北汽幻速S2
3283,比亚迪G5
670,安德拉
672,马自达MX-5
673,旗胜F1
675,宝马X1(进口)
676,California T
3279,俊风
3278,奔驰SLC级
678,科迈罗
5456,北汽EV5
5457,北汽EV2
4126,猎豹CT7
5470,铂驰NV系列
3291,宝马M8
3290,昕动
5472,威兰达
4141,福瑞达K21
4142,福瑞达K22
5476,开拓者
4146,之诺60H
5477,长安睿行EM60
3298,哈弗H9
3294,马自达3 昂克赛拉
3293,优6 SUV
681,Evora
3292,北京现代ix25
682,沃蓝达
683,奔驰CL级
684,锐界(进口)
201,雷克萨斯IS
202,宝马5系(进口)
686,科雷傲(进口)
204,CIMA
688,标致207
205,风度
3289,中华豚
689,标致308(进口)
206,丰田RAV4(进口)
207,桑塔纳志俊
4137,北汽幻速H2V
208,奇骏(进口)
5469,铂驰VC系列
4139,帝豪GL
209,MINI
4150,红旗HS7
4151,SWM斯威X7
5483,长安神骐T10新能源
5001,富康ES500
4154,北汽威旺M50F
5002,尼欧Ⅱ
4156,海马E3
5004,瑞驰新能源EC31
690,领翔
691,竞悦
692,奥迪A4L
693,沃尔沃S80L
694,锋范经典
210,甲壳虫
211,Saab 9-5
696,欢动
212,雪铁龙C5(进口)
697,雷克萨斯LFA
4147,欧蓝德
4149,江铃E200L
4161,全球鹰K12
4162,瑞途
5010,星越新能源
5494,上汽MAXUS V80新能源
4164,比速T3
5012,江淮iEVS4
4165,祥菱V
5013,江淮iEVA60
5497,风光E1
4166,宝骏510
5014,领克02新能源
4167,标致4008
5498,长安CS55 PLUS
5499,汉
5015,大乘G60E
4168,哈弗H2s
4160,全球鹰K17
222,交叉火力
224,辉腾
227,大捷龙
5005,陆风荣曜
5006,恒好EV7
5007,恒好EV1
5008,科鲁泽
5009,比亚迪e1
4172,卡威K150
4173,比速M3
5021,BEIJING-EX3
4174,传祺GM8
5022,BEIJING-EX5
4175,保时捷718
4178,领主
5026,Aion S(埃安S)
4179,竞瑞
4170,华骐300E
230,赛纳
4171,宝马1系
231,里程
232,毕加索
233,时韵
235,奔驰CLK级
237,奔驰SL级
5016,九龙EM3
4169,海马S5青春版
5018,祥菱S
5031,享域
5034,东风小康D51
5036,帅骐
4181,长安V3
4182,新豹MINI
5027,广汽本田VE-1
5029,蔚揽新能源
4194,轩朗
5042,解放T90
4196,Stelvio
4197,雷克萨斯UX
5045,飞行家新能源(进口)
4198,竞技者
5048,红旗HS5
4192,全顺
5040,高尔夫?纯电
252,酷派
255,雅科仕
256,卫士
257,威赛帝
258,捷豹S-Type
5052,捷途X70S
5055,嘉际新能源
5057,依维柯褒迪新能源
5058,BEIJING-EU5
5059,北汽新能源EC3
261,雷克萨斯GS
5051,佳宝V80新能源
263,自由人
264,途乐
265,幻影
266,阿斯顿?马丁DB9
267,奔驰SLK级
5064,比亚迪S2
5066,长安凯程F70
5067,东风小康D52
5069,大乘G60
270,宝马6系
271,宝马X3(进口)
272,Elise
5060,奔腾T99
5061,探岳GTE
5062,迈腾GTE
275,欧菲莱斯
277,标致307(进口)
5074,长安神骐T10
5076,领动插电混动
5077,上汽MAXUS EV30
5078,Polestar 2
5079,新时代海狮
281,索兰托
5070,风光ix7
283,翼豹
284,嘉华
285,森林人
5073,豪越
286,傲虎
287,力狮
289,总裁
290,特拉卡
291,北京JEEP
293,富康
5081,捷途X95
295,马自达RX-8
5083,上汽MAXUS D60
298,远舰
2800,福顺
2806,速锐
2805,腾势
5096,瑞虎e
5099,勇猛者
5094,宝来?纯电
5095,北汽新能源EC5
2810,金杯海狮
2828,永源五星
2834,五十铃皮卡
2833,奔驰GL级AMG
2839,御风
2838,Macan
2837,海星T22
2836,摩根Plus 8
2835,摩根Aero
2842,奔驰A级AMG(进口)
2841,奥迪SQ5
2840,吉利SC3
2847,宝马5系GT
2846,V12 Zagato
3704,奔驰GLE AMG
2855,五菱荣光小卡
3706,知豆D1
2853,日产ZN厢式车
2852,北京BJ80
2850,无限
3702,新凯威霆
2857,中华H320
3703,新凯凌特
2870,佳宝V70 II代
2867,启辰R50
3716,东风皮卡
2865,东风小康C37
3718,威尔法
2863,翼虎
2860,域虎7
3712,北汽007
3714,北汽幻速H6
3726,宝马2系多功能旅行车
2871,翼搏
3720,法拉利488
3721,金杯T30
3722,金杯T32
2405,索罗德
2888,野马T70
2402,金杯S50
2886,起亚K3
2885,星旺CL
2400,英菲尼迪JX
2883,陆风X5
3731,林肯大陆
3733,迈凯伦675LT
3735,图雅诺
3736,摩根Aero 8
2896,昂科拉
2895,雄师F16
2894,雄狮
3742,阿斯顿?马丁DBX
2418,马自达3星骋
2417,斯巴鲁XV
3759,力帆X80
4606,宝骏360
4608,哈弗H4
4609,沃尔沃XC60新能源
2420,斯汀格
3751,威朗
4600,Lorinser GS500
4601,金旅海狮新能源
3754,雄师F22
4602,瑞驰新能源EK05
4604,大捷龙PHEV(进口)
2429,逸动
4605,名爵6新能源
3758,雷克萨斯RC
2428,Levante
2440,野马F16
4619,瑞风R3
4610,DS 7
3763,华晨金杯750
4612,图雅诺EV
3765,野马T80
4613,汉腾X7新能源
3766,瑞虎7
4614,风行S50EV
3767,迈凯伦570
4615,ENCINO 昂希诺
4616,领克02
3780,宋
3781,元
3782,传祺GA8
3783,长安欧尚A600
4630,传祺GA4
2452,东风小康K01
2451,五菱荣光
4628,江淮iEVA50
2447,巴博斯 CLS级
2446,巴博斯 SLK级
2445,野马F12
2444,巴博斯 S级
3774,宝骏330
3775,佳宝V75
3776,佳宝V77
4624,瑞虎3xe
3777,驭胜S330
3778,库里南
3779,芝麻
3792,风行F600
4640,开沃D08
3793,大迈X5
4641,开沃D09
3794,绅宝CC
2462,风骏5
4639,开沃D07创业者
3307,萨瓦纳
2459,风骏3
3306,英致G3
2456,五菱之光
2455,探索者Ⅲ
3302,宝马2系旅行车(进口)
2454,探索者Ⅱ
3301,景逸S50
2453,探索者6
3300,艾瑞泽M7
700,大众CC
4631,WEY VV6
4632,东南DX3新能源
3785,景逸XV
702,日产370Z
703,Panamera
4633,野马EC60
3786,东风风神AX3
704,福克斯(进口)
3788,博越
705,悦翔
4635,航海家(进口)
706,飞腾
3789,风行S500
3309,DS 5LS
708,众泰M300
4652,威马EX5
2473,雪铁龙C4 Aircross(进口)
3320,艾菲
2472,标致4008(进口)
2469,佳宝V52
2468,佳宝V55
2466,日产D22
2465,佳宝T57
3312,捷豹XE
2464,佳宝V70
3311,长安V5
4642,开沃D10
3795,绅宝X55
713,嘉年华(进口)
714,伊比飒
4645,丰田C-HR
4646,奕泽IZOA
718,LEON
4649,U5 EV
4660,长安欧尚科赛
4662,传祺GM6
4663,捷豹E-PACE
2485,骏意
2001,长城M2
2484,优雅
2482,北汽威旺306
2481,福仕达荣达
2480,众泰V10
3328,讴歌TLX
3326,力帆820
2478,福瑞达
2477,希旺
3324,DS 6
2476,优优
2475,小超人
4653,荣威MARVEL X
723,INSIGHT
4654,索纳塔插电混动
724,标致3008(进口)
725,威兹曼GT
4656,庆铃TAGA
4657,英致EX1
727,Reventon
4658,宝马X3
4670,全界Q1
5520,奔腾E01
4673,大指挥官
4674,T-ROC探歌
3343,宝骏610
2496,优劲
2495,东风小康V27
2494,东风小康V22
3341,东风风神AX7
2493,优胜2代
2492,优胜
2491,东风小康V21
2490,东风小康V07S
5519,启辰星
3339,奔驰GLC(进口)
2489,优派
2005,Sprinter
731,科尼赛克CCX
2488,星旺
3335,创酷
732,科尼赛克CCXR
2487,哈飞小霸王
2486,民意
4665,荣威RX8
5515,零跑T03
5517,Roma
4680,骏派D80
4682,Mattu
4683,捷途X70
5531,江淮iC5
4684,SWM斯威G01
4200,起亚KX7
4685,云逸 C4 AIRCROSS
2021,麦瑞纳
3351,瑞风M3
3349,传祺GA6
740,奥迪A7
3347,福睿斯
2499,东风小康K17
3346,启腾M70
2498,东风小康K06
2497,东风小康K02
4677,零跑S01
5524,好运2号
4678,欧拉iQ
5525,鑫源T50EV
5526,小海狮EV
4679,帝豪GL新能源
749,MINI CLUBMAN
5528,长安新能源E-Pro
5529,标致e2008
4690,柯米克
4691,途达
4693,瑞虎8
5540,炫界
4696,君马SEEK 5(赛克5)
4212,ALPINA B4
2034,唯雅诺
3363,瑞风A60
3362,宝马X7
3361,北汽幻速S3
3360,卡威K1
750,MINI COUNTRYMAN
2029,Espace
2027,哈弗H5
3357,宝马M2
754,揽胜极光(进口)
2025,征服者
2024,探险者(进口)
756,劳恩斯-酷派
4686,上汽MAXUS G50
5534,雷克萨斯UX新能源
758,林肯MKX
4204,C-TREK蔚领
5536,发现运动版
4205,福美来MPV
4689,昌河北斗星
4206,沃尔沃S90
4208,北汽昌河M70
4209,特顺
5550,捷途X70M
4221,领克01
5552,长安之星5
4222,悦纳RV
5553,雪铁龙C3L
4223,艾瑞泽7e
5554,飞行家
2045,奔奔MINI
3372,途凌
762,威飒
5544,铂驰T系列
4698,长安欧尚A600EV
5545,拓陆者驭途
5546,拓陆者胜途
5548,雷神
4217,柯迪亚克
4218,奇瑞eQ1
4230,传祺GS7
4232,途昂
5563,上??V-Class
4233,陆风逍遥
5565,长安UNI-T
4234,瑞风S7
3386,宝马X2(进口)
3385,起亚K3S
3384,开瑞K50
2051,海景
3382,迈凯伦650S
770,RAV4荣放
771,汉兰达
772,昊锐
2049,派喜
2047,标致RCZ
2046,奔奔LOVE
777,自由客
5556,探险者
4226,汉腾X5
4227,伽途im6
5559,新宝骏E300
4228,伽途im8
3390,泰卡特 T2
4240,荣威RX5新能源
4241,上汽MAXUS T60
4242,凌轩
5575,捷途X70 Coupe
3397,瑞虎3
3395,江淮iEV
2063,雷克萨斯CT
3393,泰卡特 T9
2062,荣威350
3392,泰卡特 T7
3391,泰卡特 T3
780,大众up!
300,唯雅诺(进口)
3389,泰卡特 T1
304,马自达8(进口)
305,欧陆
4235,探界者
5566,红旗H9
306,雅致
4237,金杯快运
4238,电咖?EV10
308,法拉利575M
4239,VELITE 5
5581,东风小康C51
4251,捷豹I-PACE
5582,东风小康C52
5583,悦虎ES3
4252,WEY VV7
4253,WEY VV5
5101,SWM斯威G05
4255,传祺GA3S PHEV
5102,凯迪拉克XT6
5586,马自达CX-30
4256,传祺GS4新能源
5103,奕炫
2078,DS 4
2073,918 Spyder
790,东风风神S30
791,瑞麒G6
792,雪铁龙C5
793,林肯MKZ
794,林肯MKT
311,凯迪拉克CTS(进口)
797,瑞麒G5
314,本田CR-V
798,比亚迪M6
799,经典帝豪
2068,Agera
316,日产350Z
4246,荣威i6
317,宝马3系(进口)
4247,名爵ZS
2081,无限V5
4260,威驰FS
5592,瑞驰新能源S513
4261,巴博斯 smart forfour
4262,艾瑞泽5e
5593,凯迪拉克CT4
4263,荣威i6新能源
4264,北汽新能源EC
5111,昂希诺纯电动
5113,领克03新能源
4266,依维柯Ouba
4267,依维柯威尼斯之旅
2088,比亚迪S6
2086,玛驰
2085,比亚迪L3
2084,威霆
322,Coupe
325,格蓝迪
328,捷豹X-Type
329,雪铁龙C3
4259,YARiS L 致享
5107,鑫源T20S
5108,鑫源T30S
4271,标致5008
2091,比亚迪G6
5120,上汽MAXUS EUNIQ 5
2090,长城C30
4274,途观L
5122,缤越新能源
4276,北汽幻速S5
4278,御风EV
2097,AC Schnitzer X5
2095,嘉路
2094,女王
2093,大蛇
4270,五菱之光V
332,雷克萨斯SC
333,途安
334,普拉多(进口)
4269,长安CS55
5117,纳智捷URX
5118,雷诺 e诺
4288,奥迪Q8
341,雷克萨斯LS
342,克莱斯勒300C(进口)
343,Saab 9-3
344,荣御
345,双环SCEO
348,雅特
5126,海狮Z系列
4279,宋MAX
4293,远景X1
4294,金杯F50
5141,法拉利F8
5143,新豹T3
4298,比速T5
4299,东风小康K05S
4291,传祺GE3
351,雷克萨斯RX经典
4292,长安睿行S50T
352,雷克萨斯LX
354,Gallardo
355,颐达
356,明锐(进口)
357,速派(进口)
358,途胜
359,法拉利F430
5137,捷达VA3
5138,捷达VS5
13,来宝SRV
15,宝来经典
5156,风景V5新能源
16,捷达
18,奥迪A6L
19,奥迪A4
360,开迪
361,法拉利360
362,雨燕
363,马自达3
364,福克斯
365,奔驰CLS级
367,法拉利612
368,Passat
369,LANCER
22,马自达6
23,大切诺基
24,帕杰罗速跑
25,欧蓝德经典
5167,Jesko
370,奥迪A3(进口)
371,普锐斯
372,高尔夫(进口)
373,宝马1系(进口)
375,锐志
376,风雅
377,帕杰罗
378,福特GT
379,悍马H3
5174,五菱宏光V
5177,车驰V-Class
38,悍马H2
5178,宋Pro
5179,长安CS75 PLUS
380,PT 漫步者
381,赛飞利
382,晶锐
383,英菲尼迪G系
385,V8 Vantage
386,Vanquish
388,凯旋
389,迈巴赫
45,兰德酷路泽
5185,鑫源T22S
5186,鑫源T32S
46,普拉多
47,海福星
5188,起亚K3新能源
5189,BEIJING-EU7
49,凯迪拉克SRX
390,威航
392,赛豹III
5181,成功BEV6
5183,启辰D60EV
395,哈弗H3
396,瑞虎
397,景程
398,奔驰B级
50,索纳塔八
51,伊兰特
52,奔驰A级(进口)
2903,捷豹F-TYPE
2902,迈凯伦P1
53,帕拉丁
2901,俊风CV03
5195,森雅R8
56,奔驰C级(进口)
57,奔驰M级
5198,沃尔沃XC40
59,奔驰S级
5199,创界
5190,朗逸纯电
5191,哪吒U
5192,上汽MAXUS V90
5193,捷达VS7
5194,领克05
60,奔驰G级
2915,锐铃
63,蓝鸟经典
2914,爱卡
64,阳光
65,宝马5系
66,宝马3系
67,路宝
68,赛马
69,揽胜
2922,桑塔纳
2927,胜达
75,北斗星
2923,长安神骐T20
76,爱迪尔
77,神行者2
78,雅阁
81,飞度
82,途锐
83,东方之子
84,风云
85,旗云
86,夏朗
87,奇瑞QQ3
89,派力奥
2944,思锐
2943,北汽威旺205
2941,海马M3
90,西耶那
91,周末风
94,羚羊
2949,凯迪拉克XTS
95,领航员
97,翼虎(进口)
2945,雪铁龙C4L
98,爱丽舍
99,标致307
2955,晨风
3803,路盛E80
2954,欧力威
2953,奇瑞E3
2952,DS 5
2951,奥迪Q3
3809,迈凯伦540C
2959,陆铃
3800,北京BJ20
2958,smart forjeremy
2957,力帆530
2956,和悦A30
3802,凯迪拉克CT6
3814,途睿欧
2966,奔驰CLA级
2964,吉利SX7
3817,蓝鸟
2963,宝马3系GT
2962,昕锐
2960,越铃
3811,睿骋CC
2968,宝马4系
2967,奔驰CLA级AMG
2980,艾瑞泽7
3825,Giulia
2976,金旅海狮
3827,知豆D2
3828,风光360
2974,观致3
2973,途腾T3
3829,风光330
2972,如虎 XL
2970,如虎 CTR 3
3820,前途K50
3821,风景V5
3823,奔驰V级
3824,森雅R7
2991,林肯MKC
2990,风行CM7
3836,全球鹰K11
2504,长安星光
2988,纳5
2503,丰顺
2987,马自达CX-5
2986,金威
2502,兴顺
3838,曜影
2985,凯歌
2501,东风小康K07II
3839,绅宝X25
2984,胜达(进口)
2500,东风小康K07
3830,风光350
2506,PN货车
3835,全球鹰K10
2505,金牛星
2989,奇瑞QQ
3847,斯达泰克-揽胜
2515,大柴神
2999,中华H220
3848,斯达泰克-揽胜运动版
2514,宝典
2998,中华H330
3849,斯达泰克-卫士
2512,锐骐多功能车
2510,锐骐
2994,奥迪RS 7
2992,英菲尼迪Q50
3840,民意微卡
2519,威虎
2517,傲骏
3845,指南者
3846,黄海N2
2516,小柴神
2526,佳宝T50
3858,维特拉
2525,佳宝T51
3859,哥瑞
2524,新世代全顺
2523,经典全顺
2522,昌铃
2521,飞扬
2520,飞铃
3851,Fortuner
3852,众泰T700
3853,西部牛仔
4701,缤越
3854,杰虎
4702,缤瑞
2527,柯斯达
3857,荣威360
3870,科雷嘉
3871,发现神行
2540,菱智
2537,阁瑞斯
2536,路尊大霸王
2535,福田风景
2534,浪迪
2533,依维柯褒迪
2532,依维柯得意
2531,都灵
2530,得利卡
3861,沃尔沃S90(进口)
3862,奔驰GLC
4710,江淮V7
3864,RALLY FIGHTER
4714,添越PHEV
2539,威麟H5
2538,威麟H3
3868,小金牛
3881,小老虎
3882,英致G5
2545,金杯大海狮
2543,瑞风M5
2542,蒙派克E
2541,瑞风
3872,自由光
3873,C4世嘉
3874,北汽幻速H3
3876,锋范
3877,启腾EX80
3878,中华H3
3891,阿斯顿?马丁DB11
4740,俊风E11K
3893,长安欧尚CX70
2562,奔驰GLK级
2561,宝马X1
2560,传祺GS5
3406,蒂维拉
3405,艾瑞泽5
2557,斯巴鲁BRZ
2556,东风风神A60
3884,北汽新能源EU
801,吉利EC8
3885,金旅大海狮新能源
802,发现
3886,金旅大海狮
804,瑞麒M1
3408,和悦A13RS
806,讴歌ZDX
3407,和悦A13
4737,众泰T800
808,斯帕可
2573,九龙A5
3420,XC Classic
2572,海格H5C
2571,财运300
2570,福家
3417,绅宝X65
4749,飞行家(进口)
2569,星锐
3416,凯路威
2568,财运500
3415,瑞奕
2567,悦翔V3
3414,景逸X3
3413,陆风X7
2566,欧诺S
3412,宝骏730
2565,艾力绅
2564,凌特
3411,沃尔沃XC60
2563,欧朗
4741,长安CS75 PHEV
3894,奥迪e-tron(进口)
3895,AC Schnitzer M3
812,奥迪Q5
3896,圣达菲
813,福瑞迪
814,北京现代i30
4744,探岳
815,猎豹CS7
4745,途岳
3898,智尚S35
4746,途观L新能源
816,瑞风M2
3899,众泰SR7
4748,全球鹰EX3
4760,伽途GT
3430,唐新能源
2583,科帕奇
2582,大MPV
2581,瑞铃
3428,北汽威旺T205-D
3427,绅宝D60
2579,萨普
3426,北汽幻速S6
2578,碧莲
3425,众泰Z500
2577,拓陆者
2576,九龙A6
2575,巴博斯 M级
3422,悦翔V7
2574,丰田86
4752,赛力斯5
822,V12 Vantage
823,海马骑士
824,丘比特
4754,森雅R9
4755,东风?瑞泰特EM30
825,中华骏捷FSV
4756,博瑞新能源
826,Passat领驭
4757,众泰T300新能源
828,悦悦
4758,鑫源X30L
3429,雪铁龙C3-XR
4759,风光ix5
4770,海马8S
4773,力帆650EV
3442,雷克萨斯NX
2111,吉利SC5-RV
3440,风景G7
3439,陆地方舟风尚
2108,华泰B11
2107,埃尔法
3438,陆地方舟V5
5619,奔奔E-Star
3436,艾威
2105,欧悦搏
2103,Lorinser M级
831,比亚迪e6
2102,Lorinser S级
3432,开沃D11
833,陆风X8
834,君越
4764,奔驰A级
4765,易至EX5
835,名爵6
4766,轩逸?纯电
836,古思特
837,风云2
4767,风行T5
4768,奔驰E级新能源
4769,爱驰U5
2109,瑞麒G3
4781,SITECH DEV 1
5631,几何C
2122,长城C20R
3453,捷恩斯
3451,AMG GT
2120,长城C50
2119,长安CX20
2118,马自达8
3448,嘉华(进口)
2117,H-1辉翼
2599,财运100
2115,瑞纳
841,英伦TX4
2114,奥轩G3
3444,江淮K5
2113,日产NV200
3443,江淮K3
844,普力马
4774,福美来F5
5622,Aion V(埃安V)
4775,铃拓
4776,微蓝VELITE 6
5624,BEIJING-X7
4792,哈弗F5
4793,广汽ix4
4310,北汽幻速H5
4795,思皓E20X
4311,金杯T50
2133,路盛E70
3464,宝马8系
3463,东风A9
3462,雷凌
2131,森雅S80
3461,东风风神L60
3460,缤智
4309,中华H230EV
3459,解放T80
850,揽胜运动版
2126,北京BW007
3457,凌渡
3456,征途
852,骑士S12
2125,莲花L5
2124,哈弗H8
3455,黄海N1
853,瑞麒M5
2123,哈弗H6
854,奇瑞X1
3454,哈弗H1
855,海马王子
856,海悦
4302,陆风X2
4787,艾瑞泽GX
858,Yeti(进口)
4304,本田UR-V
859,思铂睿
4789,红旗E-HS3
4305,劲客
4307,纳瓦拉
4320,云度π1
4321,云度π3
5652,BEIJING-U5
4322,Panamera新能源
2144,宝利格
3475,启辰R30
2143,无限V7
2141,传祺GA5
3472,猎豹CS10
860,中华骏捷Cross
2139,五菱宏光
862,华普海景
2137,智跑
3467,豪情SUV
864,帅舰
3466,骐铃T5
865,凯睿
2134,力帆X60
3465,帝豪GS
4796,威麟H6
866,名驭
4312,金杯T52
5644,斯派卡新能源
4797,捷途X90
4314,法拉利812
4799,风光580新能源
869,林肯MKS
4315,启辰M50V
4316,揽胜星脉
4317,众泰Z560
4318,华泰EV160B
4319,跨越王
4330,大众e-up!
4332,力帆330EV
5663,金杯T20S
4333,比亚迪F3新能源
5664,金杯T22S
2155,吉利GC7
3002,众泰Z100
3486,赛麟Mustang
3000,奔腾X80
3481,哈弗H6 Coupe
3480,广汽吉奥GP150
871,高尔夫
872,奥拓
873,翼神
2147,名爵3
874,途观
3477,广汽吉奥GX6
875,凯越
876,秀尔
877,标致308
4324,Cayenne新能源
878,夏利N5
4325,奥迪A3新能源(进口)
879,威志V2
4326,smart fortwo新能源
4327,众泰Z500新能源
4329,力帆620EV
4340,传祺GA5新能源
4341,长城C30新能源
4342,帝豪新能源
4343,逸动新能源
4344,奔驰S级新能源
3497,知豆
3013,Yeti
3495,传祺GS3
3493,东风风神A30
2161,众泰Z200
2160,旗胜V3
3491,3 Wheeler
3490,凌铃
880,奥德赛
3008,帕杰罗?劲畅
882,皇冠
884,拉共达Taraf
3006,海马M6
401,ALFA GT
3488,迈迈
403,雷克萨斯ES
2156,金刚财富
3487,赛麟科迈罗
4334,凯迪拉克CT6 PLUG-IN
888,讴歌RDX(进口)
404,沃尔沃S60(进口)
4335,沃尔沃S60新能源
889,法拉利458
406,沃尔沃C70
4336,SWM斯威X3
4337,沃尔沃XC90新能源
407,比亚迪F3
4338,上汽MAXUS EG10
4339,普力马EV
409,自由舰
4350,宝马5系新能源
4351,新凯V-Class
4353,元新能源
5684,Gemera
5200,昂科拉GX
4355,高尔夫新能源(进口)
5202,炮
2176,速翼特
2171,众泰Z200HB
890,起亚K5(进口)
891,Exige
892,凯泽西
3017,优优2代
411,中华骏捷
412,奥迪Q7
3016,LaFerrari
897,本田CR-Z
413,赛拉图
2168,歌诗图
3015,魅影
414,驰鹏
898,DS 3经典
3014,飞驰
4345,宝马7系新能源
415,Cayman
4346,奔驰GLE新能源
416,英菲尼迪QX
5677,迈凯伦765LT
417,福莱尔
4348,宝马X5新能源
4349,奔驰C级新能源
2180,旗云3
5211,锐际
5696,奕炫GS
5213,小鹏汽车P7
4366,迈凯伦720S
3035,BJ 212
3034,猎豹CT5
2184,纬度
420,乐骋
421,优利欧
424,永源A380
2178,旗云2
425,骐达TIIDA
4356,宝马X1新能源
426,凯迪拉克XLR
428,红旗盛世
429,御翔
4370,天逸 C5 AIRCROSS
4371,众泰Z360
2190,沃尔沃V60
4372,长安睿行M70
5220,雷克萨斯LM
4375,江铃E160
5223,江淮iEV7
4376,长安欧尚A800
5224,启辰T60EV
2198,道奇Ram
2197,奔驰S级AMG
3043,英菲尼迪QX60
2196,宝马M3
3040,大7 MPV
2192,吉利GX2
430,大众Eos
431,雅绅特
432,利亚纳
433,马自达2
434,奇瑞A5
3038,中意V5
3036,东风小康C35
436,日产GT-R
437,标致206
438,贵士
439,乐风
5217,奔驰A级AMG
5218,长安睿行M60
5219,长安欧尚X7
4381,讴歌TLX-L
4383,东风风神AX4
5232,奔驰EQC
4385,众泰T600 Coupe
4386,蒙迪欧新能源
5233,国机智骏GX5
5234,国机智骏GC1
4387,焕驰
4388,江铃E200N
5235,国机智骏GC2
3053,宝马X4
3052,佳宝V80
4380,奔奔EV
440,雪铁龙C6(进口)
442,速腾
443,力帆520
444,威志
3048,大切诺基 SRT
446,雅尊
447,金刚
448,轩逸
5225,启辰e30
4378,Sprinter LS500
449,思迪
4379,Metris MS500
5226,荣威RX5 MAX
3060,Ghibli
4392,宝骏310W
5240,奥迪Q2L e-tron
4394,宋新能源
4396,嘉际
5243,上汽MAXUS EUNIQ 6
5244,上汽MAXUS G20
5246,探岳X
3068,标致301
3066,马自达CX-7
3065,锐腾
3064,上汽MAXUS G10
3062,自由光(进口)
450,奔驰E级(进口)
3061,瑞风M6
451,东方之子Cross
452,SPORTAGE
453,佳乐
454,锐欧
455,爱腾
456,捷豹XK
457,美佳
3059,比亚迪S7
3058,福运
458,蓝瑟
459,法拉利599
5238,比亚迪e2
5239,途昂X
5253,指挥官PHEV
5255,捷途X70S EV
5257,风光E3
3079,奔驰GLA(进口)
3075,海马S7
3074,哈弗H7
460,海域
3073,名图
461,海尚
462,凯雷德ESCALADE
463,沃尔沃S40
464,讴歌RL
465,派朗
466,奔腾B70
467,奔驰GL级
468,风尚
3069,传祺GA3
469,奔驰R级
3082,力帆330
5261,BEIJING-X3
5262,Aion LX(埃安LX)
3081,骏派D60
3080,瑞风S3
5267,东风本田X-NV
3089,蒙派克S
3087,猎鹰
3086,风光
3085,凌派
470,福美来
471,奥迪A4(进口)
472,奥迪A6(进口)
5260,域虎9
3083,力帆630
473,C4 PICASSO
474,远景
475,骏逸
476,雪铁龙C2
477,圣达菲经典
478,奇瑞QQ6
479,讴歌TL
5258,上汽MAXUS T70
3091,长安尊行
3090,凯胜
5279,宋Pro新能源
3099,英菲尼迪QX70
3098,英菲尼迪QX50(进口)
3097,英菲尼迪Q70
480,雪铁龙C4
481,赛豹V
3096,ATENZA
482,荣威750
5270,丰田C-HR EV
5271,奕泽E进擎
483,三菱戈蓝
484,奔奔i
485,享御
486,欧蓝德(进口)
487,克莱斯勒300C
488,SLS赛威
489,比亚迪S8
490,中华酷宝
491,长城精灵
492,炫丽
493,酷熊
5281,长安欧尚科赛3
5282,科莱威CLEVER
494,沃尔沃C30
496,迈腾
498,麦柯斯
5295,迈莎锐MS580
5296,领特
5299,银隆艾菲
3904,启辰T70X
3906,野马EC70
3901,奔驰GLS AMG
3913,宝沃BX7
3916,北汽威旺M30
3911,华凯皮卡
3924,长安CS15
3925,风光370
3926,英格尼斯
3928,绅宝X35
3920,奇瑞QQ3EV
3922,北汽昌河Q25
3923,乐风RV
2603,坤程
3935,瑞迈
2601,海星A7
2600,长安之星
3939,锐3
2608,上汽MAXUS V80
2607,HIACE
2606,长安星光4500
2605,长安之星2
3934,雷克萨斯RX
2604,长安之星S460
3946,五菱之光小卡
2613,旗舰A9
2611,卡尔森 S级
2610,卡尔森 GL级
3941,宝马2系旅行车
2619,标致3008
2615,哈弗H2
3957,西玛
4805,风行M7
2623,雷克萨斯LC
3959,领动
4807,奕歌
4808,风行M6
4809,INSPIRE
2629,凯迪拉克ATS(进口)
4800,奔腾T77
4801,帅客新能源
3954,起亚KX5
3955,海狮X30L
4802,唐
3970,风行SX6
3968,马自达CX-4
3969,英致727
4817,菲斯塔
4819,威马EX6
3961,江淮iEV6S
3963,DS 4S
3964,高尔夫?嘉旅
4813,吉利ICON
3967,战剑
3980,北汽昌河Q35
3981,骐铃T3
4826,欧拉R1
3979,骏派A70
4827,欧拉白猫
2642,讴歌ILX
2641,讴歌NSX
3971,凯翼V3
3972,北京BJ90
4820,讴歌RDX
4822,星途LX
3977,荣威e950
4824,奕跑
2649,索纳塔
3978,荣威e550
4825,汉腾V7
3990,伽途ix7
3991,伽途ix5
3992,启腾V60
2660,金典
4837,雷凌双擎E+
2658,中兴C3
3505,成功V2
3504,成功V1
3502,东风小康C36
2653,金迪尔
900,飞度(进口)
3983,凯翼X3
4831,宋MAX新能源
3984,东风风度MX5
901,慕尚
4832,卡罗拉双擎E+
903,GranCabrio
4833,逸行
4834,起亚K5新能源
904,MINI COUPE
3987,迈威
3508,成功X1
3507,成功K2
905,一汽-大众CC
3989,凯迪拉克XT5
4836,路盛S1
2659,大力神
3506,成功K1
908,风朗
909,威麟V5
4850,凯锐浩克
3515,金杯S70
3514,长安之星7
2665,雷龙
2664,Model X
3511,卡威W1
4840,领克01新能源
3993,宝骏E100
3994,海马V70
911,X-BOW
913,森雅M80
914,奔驰SLS级AMG
3518,撼路者
3999,蔚揽
4847,帅铃T8
4860,九龙C6
2683,巴博斯 smart fortwo
3530,中华V3
2682,F12berlinetta
2681,起亚K9
3526,长安之星3
5708,五菱50EV
2678,沃尔沃V40
3524,传祺GA3S视界
3521,揽胜极光
2674,宝威
2673,御骏
4851,奥迪Q5L
4852,帝豪GSe
5700,福田征服者
923,Rapide
4854,优劲EV
4855,蓝舰T340
4856,凯迪拉克XT4
3529,众泰E200
927,比亚迪G3
4857,宝沃BX3
4858,俊风ER30
928,莲花L3
3528,启悦
4870,马自达CX-8
4871,奥迪Q2L
2207,大捷龙(进口)
3538,马自达CX-3
5717,嘉悦X4
3537,北汽新能源ES210
3535,英菲尼迪ESQ
3533,北汽新能源EV
930,MINI ROADSTER
2685,添越
2200,长城V80
5710,枫叶30X
4864,沃尔沃S90新能源
4865,Lorinser MS500L
5713,嘉悦X7
5714,宏光MINI EV
4867,Taycan
5715,五菱荣光EV
4868,名爵HS
939,野马F99
4869,荣威i5
4880,迈凯伦600LT
4881,蔚来ES6
4882,沃兰多
3549,凯特
3547,锐行
3546,帅铃T6
2214,柯兰多
3545,瑞风S2
940,比亚迪F3R
2212,翱龙CUV
2211,挑战者SUV
4873,迈威新能源
5722,金冠奔驰V-Class
4877,闪闪X2
5724,凌宝BOX
947,YUKON
4878,迈图
4879,哪吒N01
5727,上汽MAXUS D90 Pro
4890,宝骏E200
4891,指挥官
4892,长安睿行EM80
5740,昌河北斗星X5
4893,祥菱M
4410,红旗H5
3562,D-MAX
2230,江南TT
5739,长安欧尚科尚EV
4408,五菱宏光S3
4409,北斗星EC100
2228,驭胜S350
3557,绅宝D20
3556,帝豪
951,帅客
3554,昂科威
3553,英菲尼迪Q50L
4884,五菱荣光新卡
955,TERRAIN
4885,长安CS85 COUPE
4886,长安欧尚科尚
4402,领克03
4403,宝沃BXi7
4887,启辰T60
4888,锐骐6
4404,骏派A50
958,楼兰(海外)
4889,风骏7
959,威兹曼Roadster
4405,骏派CX65
5750,启能GEV 1
4421,东风风神E70
3574,传祺GS5 Super
2242,天语 尚悦
2241,MINI PACEMAN
3570,五菱征程
4419,汉腾X5新能源
2237,逸致
961,黑金刚
2236,宝骏630
962,猎豹6481
3565,发现神行(进口)
963,凯美瑞(海外)
964,红杉
965,战旗
966,陆霸
4897,开瑞K60EV
967,帅驰
5744,大运皮卡
968,帅威
4898,哈弗F7
4899,领界
4415,骏派A70E
969,吉奥凯旋
4416,幸福e+
4417,众泰T500
4418,菱智M5EV
4431,祺智PHEV
3101,风骏6
3100,英菲尼迪QX80
2252,北京汽车E系列
3582,本田XR-V
3581,凯翼C3R
970,凯迪拉克CTS
2248,理念S1
2246,K5凯酷
3576,mu-X牧游侠
3575,云100
2244,杰路驰
975,途胜(进口)
4423,景逸X6
4425,斯派卡
4427,蔚来ES8
4428,猎豹CS9新能源
4441,WEY P8
5774,五菱荣光小卡翼开启
3112,利亚纳A6
2264,奥迪Q3(进口)
2263,Huayra
2262,菲跃
2261,法拉利FF
3591,英菲尼迪QX50
980,SAVANA
3108,红旗L5
981,沃尔沃S40(进口)
982,英朗
3589,博瑞
983,Sienna
500,超级维特拉
3104,杰德
501,陆风X6
3103,朗行
2256,Veloster飞思
502,起亚VQ
3586,凯翼C3
5764,驰虎EM6
503,指挥官经典
987,标致408
504,指南者(进口)
4434,博骏
505,雅力士
989,吉利GX7
4435,骁途
5767,金威新能源
4436,黄海N3
506,小贵族
507,海炫
508,吉姆尼(进口)
509,奥迪A6
5782,成功K3
5783,成功K4
5300,银隆5024EV
4453,柯珞克
2275,Virage
3121,长安CS95
3119,东风风神E30
510,维拉克斯
2268,卡缤
511,奥迪R8
996,旗云1
997,比亚迪G3R
513,FJ 酷路泽
4444,江淮iEV7S
5775,五菱荣光新卡翼开启
4445,长安CS15EV
516,路帝
517,优翼
4447,卡升T6
5778,东风小康C55
518,奇瑞A1
4448,卡升V-Class
519,明锐
4460,奥迪Q7新能源
4461,东风小康EC36
4462,捷豹XEL
5310,WEY VV7新能源
5311,名爵HS新能源
4464,Lorinser VS系列
5312,锐骐6新能源
5796,大指挥官PHEV
3134,星朗
3132,雷斯特W
3131,风迪思
520,杰勋
3128,景逸X5
521,大切诺基(进口)
522,骊威
3126,YARiS L 致炫
523,中华骏捷FRV
524,讴歌MDX
3124,飞腾C5
2277,Aventador
525,林荫大道
526,卡罗拉
527,海马3
528,帕萨特
5305,迈凯伦GT
4459,海马爱尚EV
529,天语 SX4
5308,东南DX5
5309,宝马X2
4470,NEVS 93
4472,宝马6系GT
4473,荣威RX3
4474,凯翼E3
5322,HYCAN 007
5323,腾势X
2297,荣威W5
2296,MASTER CEO
2295,大7 SUV
2294,中华V5
3140,星旺M2
2293,迈凯伦12C
530,奇瑞A3
531,名爵7
3139,星旺M1
532,名爵5
533,名爵TF
3136,小海狮X30
535,长城M1
536,嘉誉
537,荣威550
4468,风光S560
538,奥迪A5
539,迈腾(进口)
5317,奔腾T33
4480,奔奔mini-e
4481,远景X3
4482,卡威W1新能源
4483,圣达菲7
4484,宇通T7
4485,哈弗M6
4486,御风P16
5334,黄海N7
4487,别克GL6
3156,优雅2代
3155,长安星卡
3154,阿特兹
3153,摩根4-4
3152,摩根Plus 4
3151,摩根Roadster
3150,猎豹Q6
540,比亚迪F6
542,博悦
3149,龙威
543,朋多
544,领雅
545,森雅
546,科帕奇(进口)
2299,标致508
4477,优优EV
5324,SF90 Stradale
4478,开瑞K50EV
4479,瑞驰新能源EC35
549,汉兰达(进口)
4491,远景S1
4493,骐铃T100
4495,华泰EV160R
4011,长安睿行M90
5342,新宝骏RM-5
4496,伊兰特EV
5343,长安睿行ES30
4012,长安神骐F30
4013,长安神骐F50
4497,U5 SUV
4498,中华V6
3166,虎视
3164,格越
3163,福仕达福卡
3162,福仕达腾达
3160,福仕达鸿达
4490,启辰D60
550,兰德酷路泽(进口)
551,GranTurismo
552,赛影
554,景逸
3159,星旺L
555,名爵3SW
556,新明仕
3158,沃尔沃S60
557,Tiguan
3157,艾瑞泽3
4488,北斗星X5E
558,众泰2008
4489,小鹏汽车G3
5336,新宝骏RC-6
5337,罗夫哈特MR500
5338,北京F40
5339,领界EV
4009,北汽威旺S50
3170,奥迪A3
5350,科雷缤
5353,五菱730
4023,风光580
3178,MINI JCW
3177,神行者
3175,致胜
560,猛士
3171,速派
561,奥丁
562,御轩
564,逍客
565,狮跑
566,铂锐
567,宾悦
568,骐菱
4499,欧力威EV
4015,北汽新能源EX
5346,Model 3
569,猎豹CS6
5347,嘉悦A5
5348,奔驰GLB
5349,凯迪拉克CT5
5360,雷丁i9
3181,MINI JCW COUNTRYMAN
3180,MINI JCW COUPE
4031,迈锐宝XL
5362,风景G5
5365,秦
4035,风景G9
5367,长安欧尚科赛5
3189,宝马M4
3185,锋驭
570,海锋
571,风华
3182,MINI JCW PACEMAN
572,瑞鹰
574,凯领
575,酷搏
576,锋哲
577,蒙迪欧-致胜
578,马自达5
579,比亚迪F0
3179,MINI JCW CLUBMAN
5358,雷丁i3
4027,GTC4Lusso
5359,雷丁i5
4029,沃尔沃V90
5371,比亚迪e3
3192,伊思坦纳
5372,广汽丰田iA5
3191,北汽威旺M20
5373,新宝骏RS-3
4043,雪铁龙C6
5375,荣威RX5 eMAX
4045,辉昂
5377,远程E5
4046,宝沃BX5
5378,远程E6
3198,极睿
3197,朗境
3195,瑞虎5
580,帕杰罗(进口)
581,英菲尼迪M系
3194,考斯特
5370,菲斯塔纯电动
582,阿斯顿?马丁DBS
583,竞速
584,马自达3(进口)
101,夏利
585,沃尔沃XC60(进口)
586,悦动
102,Mustang
587,宝马X6
103,城市
588,奔驰C级
104,威姿
589,捷豹XF
106,威乐
5368,锐骐新能源
107,普瑞维亚
4038,江南T11
109,花冠
4039,开瑞K60
5383,福克斯Active
5384,风光580Pro
5385,冒险家
590,志翔
591,霸锐
592,昂科雷
593,奥迪Q5(进口)
110,凯美瑞
594,劳恩斯
595,奔驰GLK级(进口)
111,威驰
596,力帆620
112,雷克萨斯GX
597,力帆320
599,世爵C8
117,蒙迪欧
5393,皓影
5394,探影
5395,昂科旗
4065,华泰iEV230
5396,畅巡
4066,华泰XEV260
5397,长安CS55 纯电版
4069,奔腾X40
4061,北汽威旺M35
5392,潍柴汽车U70
121,牧马人
122,英菲尼迪FX
126,菱帅
127,胜达经典
128,菱绅
4073,比亚迪e5
4074,奔驰GLC AMG
4076,大力神K5
4077,宝骏310
4078,Model 3(进口)
4070,众泰SR9
130,中华尊驰
131,君爵
4072,自由侠
132,英伦C5
133,豪情
135,思域
138,美人豹
139,雷斯特
4086,东南DX3
4087,瑞风S2mini
4088,江淮iEV6E
4080,荣威RX5
141,主席
142,千里马
4083,捷豹XFL
144,高尔
145,Polo
146,奥迪A8
148,奥迪TT
149,桑塔纳经典
4095,凯翼X5
4096,讴歌CDX
4097,东风风神AX5
4098,科雷傲
4099,瑞虎3x
4090,瑞风M4
4092,大迈X7
153,宝马7系
4094,传祺GS8
155,乐驰
159,宝马X5
161,宝马Z4
162,保时捷911
163,赛欧
164,君威
166,别克GL8
168,Boxster
170,特锐
172,Cayenne
174,Murcielago
175,沃尔沃S80
177,沃尔沃XC90
178,捷豹XJ
179,ALFA 156
182,威达
184,标致206(进口)
185,标致407
186,标致607
188,拉古那
191,玛莎拉蒂Spyder
192,威霆(进口)
194,海迅
196,梅甘娜
197,奔驰E级
199,风景
2707,Ranger
2712,海星T20
2711,海星A9
2719,奔驰CLS级AMG
2718,奔驰E级AMG
2717,奔驰C级AMG
2716,威志V5
4904,帕萨特新能源
2723,奔驰G级AMG
2722,奔驰M级AMG
2721,奔驰SLK级AMG
2720,奔驰SL级AMG
4908,新宝骏RS-5
4909,宇通CL6
2729,宝马X6 M
2728,宝马X5 M
2727,宝马M6
4900,秦Pro
2726,宝马M5
4901,东南A5翼舞
2725,宝马1系M
2735,奥迪RS 5
4915,东风?瑞泰特EM10
2734,奥迪S5
4916,Lorinser MAYBACH S级
2733,奥迪RS 4
4917,长安之星9新能源
2732,奥迪S4
4918,长安星卡新能源
2731,奥迪RS 3
4919,欧诺新能源
2730,奥迪S3
2739,奥迪S8
2738,奥迪S7
2737,奥迪RS 6
4912,卡尔森 CCA22
4913,逸动XT
2736,奥迪S6
2744,东风小康V29
2743,荣威950
4928,宝马X3 M
2742,景逸SUV
4929,宝马X4 M
2741,奥迪TT RS
2740,奥迪TTS
4921,风行T5L
4922,特顺新能源
2748,讴歌RLX
4923,智行
2755,途腾T2
4938,大乘G70S
2754,途腾T1
2752,瑞风S5
2751,思铭
4930,域虎3
4931,域虎5
4932,祺智EV
3607,华颂7
4934,瑞风S4
2771,红旗H7
2770,中华H230
2768,劲炫ASX
3615,锐界
4948,名爵EZS纯电动
2767,菲翔
4949,易至EV3
3613,康恩迪
2766,海马M8
2765,塔利斯曼
2764,朗动
2761,秦新能源
4943,大乘G60S
4944,大乘E20
3618,启辰T70
4945,森雅R7新能源
2769,V5菱致
2781,夏利N7
2779,荣威e50
2778,长安CS35
2776,V6菱仕
2775,Urus
2774,奥轩GX5
3621,战车
3620,迈凯伦625C
4950,奔腾X40新能源
4953,俊风E17
4955,领途K-ONE
3628,九龙A4
5803,BEIJING-X5
3627,众泰Z700
